id,title,artist,genre,image_url
1,hate that i made you love me,Ariana Grande,pop,https://i.scdn.co/image/ab67616d00001e02b622d42c30697e1e1414343c
2,So Easy (To Fall In Love),Olivia Dean,pop,https://i.scdn.co/image/ab67616d00001e029a336bfb6d40bbd90a507417
3,honeybee,Olivia Rodrigo,pop,https://i.scdn.co/image/ab67616d00001e025cf234eeb7a2edf44bf64a46
4,stupid song,Olivia Rodrigo,pop,https://i.scdn.co/image/ab67616d00001e025cf234eeb7a2edf44bf64a46
5,Stateside + Zara Larsson,PinkPantheress,pop,https://i.scdn.co/image/ab67616d00001e02684ecc5bc1b724d0106ad694
6,Man I Need,Olivia Dean,pop,https://i.scdn.co/image/ab67616d00001e02e3d69e17dde129037a1f09e2
7,the cure,Olivia Rodrigo,pop,https://i.scdn.co/image/ab67616d00001e025cf234eeb7a2edf44bf64a46
8,u + me = <3,Olivia Rodrigo,pop,https://i.scdn.co/image/ab67616d00001e025cf234eeb7a2edf44bf64a46
9,my way,Olivia Rodrigo,pop,https://i.scdn.co/image/ab67616d00001e025cf234eeb7a2edf44bf64a46
10,Dreams - 2004 Remaster,Fleetwood Mac,pop,https://i.scdn.co/image/ab67616d00001e02e52a59a28efa4773dd2bfe1b
11,One Dance,Drake,pop,https://i.scdn.co/image/ab67616d00001e029416ed64daf84936d89e671c
12,NOBLE,F3miii,pop,https://i.scdn.co/image/ab67616d00001e023e2c1f8bb3f146186e2a1dc5
13,End of Beginning,Djo,pop,https://i.scdn.co/image/ab67616d00001e02fddfffec51b4580acae727c1
14,Iris,The Goo Goo Dolls,pop,https://i.scdn.co/image/ab67616d00001e02eda9478c39a21e1cdc6609ca
15,expectations,Olivia Rodrigo,pop,https://i.scdn.co/image/ab67616d00001e025cf234eeb7a2edf44bf64a46
16,what’s wrong with me,Olivia Rodrigo,pop,https://i.scdn.co/image/ab67616d00001e025cf234eeb7a2edf44bf64a46
17,DAISIES,Justin Bieber,pop,https://i.scdn.co/image/ab67616d00001e02d65c4773bc5061fd27facc5b
18,begged,Olivia Rodrigo,pop,https://i.scdn.co/image/ab67616d00001e025cf234eeb7a2edf44bf64a46
19,maggots for brains,Olivia Rodrigo,pop,https://i.scdn.co/image/ab67616d00001e025cf234eeb7a2edf44bf64a46
20,cigarette smoke,Olivia Rodrigo,pop,https://i.scdn.co/image/ab67616d00001e025cf234eeb7a2edf44bf64a46
21,Dracula - JENNIE Remix,Tame Impala,pop,https://i.scdn.co/image/ab67616d00001e02c7c031ce9d06b131f8563676
22,Lush Life,Zara Larsson,pop,https://i.scdn.co/image/ab67616d00001e02401bf6103d4b7f5230a21582
23,Headlines,Drake,pop,https://i.scdn.co/image/ab67616d00001e02c7ea04a9b455e3f68ef82550
24,The Fate of Ophelia,Taylor Swift,pop,https://i.scdn.co/image/ab67616d00001e02d7812467811a7da6e6a44902
25,Beauty And A Beat,Justin Bieber,pop,https://i.scdn.co/image/ab67616d00001e02f1d02a6cec967f8b6b78f76e
26,BIRDS OF A FEATHER,Billie Eilish,pop,https://i.scdn.co/image/ab67616d00001e0271d62ea7ea8a5be92d3c1f62
27,iloveitiloveitiloveit,Bella Kay,pop,https://i.scdn.co/image/ab67616d00001e02e74e15fe75e80ea69f38a680
28,Promiscuous,Nelly Furtado,pop,https://i.scdn.co/image/ab67616d00001e02a6f439c8957170652f9410e2
29,drop dead,Olivia Rodrigo,pop,https://i.scdn.co/image/ab67616d00001e025cf234eeb7a2edf44bf64a46
30,What I Want (feat. Tate McRae),Morgan Wallen,pop,https://i.scdn.co/image/ab67616d00001e0235ea219ce47813b5e2dc3745
31,ICONIC BY MISTAKE,LE SSERAFIM,pop,https://i.scdn.co/image/ab67616d00001e0255886e2f0784a2b7b62b7fe7
32,Sign of the Times,Harry Styles,pop,https://i.scdn.co/image/ab67616d00001e023f8b8a9c71b2bd2f3019940b
33,No One Noticed,The Marías,pop,https://i.scdn.co/image/ab67616d00001e028aa339341a0b0c813909c831
34,the cure,Olivia Rodrigo,pop,https://i.scdn.co/image/ab67616d00001e0279e480cbab8c7b86d277841a
35,That's What I Like,Bruno Mars,pop,https://i.scdn.co/image/ab67616d00001e02232711f7d66a1e19e89e28c5
36,I Had Some Help (Feat. Morgan Wallen),Post Malone,pop,https://i.scdn.co/image/ab67616d00001e0288208159b1b3c69eefdeb2e0
37,stupid song,Olivia Rodrigo,pop,https://i.scdn.co/image/ab67616d00001e026949b83f85d782b21ce70583
38,Roommates,Malcolm Todd,pop,https://i.scdn.co/image/ab67616d00001e022c1f34ecc1929fb59908aad1
39,American Girls,Harry Styles,pop,https://i.scdn.co/image/ab67616d00001e0274959140f550b11049c18a38
40,purple,Olivia Rodrigo,pop,https://i.scdn.co/image/ab67616d00001e025cf234eeb7a2edf44bf64a46
41,Old School Beats 105,Old School Beats,lofi,https://i.scdn.co/image/ab67616d00001e02c5cc8cc0e4292073013d9d43
42,Love without measure,lpbeats,lofi,https://i.scdn.co/image/ab67616d00001e025c81d774706fed3630f7772e
43,Americanos - instrumental rap,Base De Rap,lofi,https://i.scdn.co/image/ab67616d00001e02a5bee3af19875814ab4ec86a
44,Frosty Morning,Lofeeler,lofi,https://i.scdn.co/image/ab67616d00001e02187de6109b12d6bcabe758b0
45,Kurama,Lofeeler,lofi,https://i.scdn.co/image/ab67616d00001e02187de6109b12d6bcabe758b0
46,Boss Raid,Duzzled,lofi,https://i.scdn.co/image/ab67616d00001e021b63eccc9147a03bf92fe67e
47,concatenate (Interlude),drēokt,lofi,https://i.scdn.co/image/ab67616d00001e02b7cc84a9633477766f8cd630
48,Peligro,Lumipa Beats,lofi,https://i.scdn.co/image/ab67616d00001e0203499b05f2fbe0a3431e270b
49,Dream,Spellbinder,lofi,https://i.scdn.co/image/ab67616d00001e02d5074a928d068a7f637c0916
50,Toasted Loaf - Slowed + Reverb,Minijau,lofi,https://i.scdn.co/image/ab67616d00001e0291275ad53becab434f145d12
51,Dark and cold night,Beats De Rap,lofi,https://i.scdn.co/image/ab67616d00001e02402e5023bd92471733fa6fde
52,Bass Party - Duzzled Remix,Duzzled,lofi,https://i.scdn.co/image/ab67616d00001e022302abe4531bd2d7b0066fd1
53,Skit,Bassti,lofi,https://i.scdn.co/image/ab67616d00001e0266f491c566f6a85111dc7f54
54,A Little More,Lumipa Beats,lofi,https://i.scdn.co/image/ab67616d00001e020c6c16ed5c7bc3d20a4c3b58
55,Fullautostop,IAMPAUL,lofi,https://i.scdn.co/image/ab67616d00001e022ee7688e9e129b3f484b7a14
56,Entity INM TNE - Remastered,Marc Behrens,lofi,https://i.scdn.co/image/ab67616d00001e02a3a216df8589f52e85d6efd5
57,Ghost,Chris Knox,lofi,https://i.scdn.co/image/ab67616d00001e02fbeee350831217fff482e578
58,Nightshift - Slowed & Reverb,Scvrs10x,lofi,https://i.scdn.co/image/ab67616d00001e029c394dea9dcdd6a4d8ccb984
59,Old School Beats 118,Old School Beats,lofi,https://i.scdn.co/image/ab67616d00001e02c5cc8cc0e4292073013d9d43
60,Nato per essere feliche,Chillzy,lofi,https://i.scdn.co/image/ab67616d00001e021c54bb2e2bdf7c08f9391e3a
61,Don't Wanna See (Evitceles Remix),Sangam,lofi,https://i.scdn.co/image/ab67616d00001e02f8541c4a86321fc3c5f7227b
62,Circles - sped up + reverb vocal flip,Covers Unplugged,lofi,https://i.scdn.co/image/ab67616d00001e02451b82508d8b626e2c2d3f72
63,danger,Beats De Rap,lofi,https://i.scdn.co/image/ab67616d00001e0295f6550998b5dc24c5af6805
64,People Oppression - Intrumental,Don Elpo,lofi,https://i.scdn.co/image/ab67616d00001e028de340c0681e38c83fa6d405
65,Kosovski Rekvijem 3 - Cerebral,Marc Behrens,lofi,https://i.scdn.co/image/ab67616d00001e02c2a13b540461ad3382875e54
66,"Epilogo - Instrumental Rap, Boom Bap Beat Hip Hop",Lumipa Beats,lofi,https://i.scdn.co/image/ab67616d00001e02044d79f6d8afa939c700bc4f
67,Aesop Rock,Pista de Rap,lofi,https://i.scdn.co/image/ab67616d00001e027ad0d9b6cf6e8a9dad7d5359
68,Prowlin`,Scvrs10x,lofi,https://i.scdn.co/image/ab67616d00001e02569a457ca904abf7570f6900
69,In the Dark,Rafael Manso,lofi,https://i.scdn.co/image/ab67616d00001e0221f500ae9dd184ac6847c764
70,Matsu,Sms DM,lofi,https://i.scdn.co/image/ab67616d00001e0296c552abb3cecc5a6a359810
71,I. Her Room Is a Rainy Garden (Wallpaper Reverie Theme),The Apples In Stereo,lofi,https://i.scdn.co/image/ab67616d00001e0271fa9e73e4d94c0fbe38c5ec
72,TRUSTFALL - Guitar Instrumental,Covers Unplugged,lofi,https://i.scdn.co/image/ab67616d00001e0270e776313da5a7996ab35e22
73,Fulfillment,Beats De Rap,lofi,https://i.scdn.co/image/ab67616d00001e022b804d8a5c099d54558651c6
74,Marauders - Slowed & Reverb,Scvrs10x,lofi,https://i.scdn.co/image/ab67616d00001e029c394dea9dcdd6a4d8ccb984
75,"The Aesthetics of Censorship, Violin 02",Marc Behrens,lofi,https://i.scdn.co/image/ab67616d00001e021949f88c5d25b0beb53a3efb
76,Sex 'n' Blood,Marc Behrens,lofi,https://i.scdn.co/image/ab67616d00001e02430c184dd24585614a6f6e89
77,Karashiru,Sarah rosen,lofi,https://i.scdn.co/image/ab67616d00001e02568c733f0ef3772013c1a98f
78,Murrieta,Oatmello,lofi,https://i.scdn.co/image/ab67616d00001e027ce2565ecb49ab9bda77f0fb
79,Jardim da Tarde,Lê Almeida,lofi,https://i.scdn.co/image/ab67616d00001e0246610263567472408db2971c
80,In the Hood,Scvrs10x,lofi,https://i.scdn.co/image/ab67616d00001e02569a457ca904abf7570f6900
81,Bring Me To Life,Evanescence,rock,https://i.scdn.co/image/ab67616d00001e0225f49ab23f0ec6332efef432
82,Smells Like Teen Spirit,Nirvana,rock,https://i.scdn.co/image/ab67616d00001e02e175a19e530c898d167d39bf
83,Creep,Radiohead,rock,https://i.scdn.co/image/ab67616d00001e02ec548c00d3ac2f10be73366d
84,Freakin’ Out,Dexter and The Moonrocks,rock,https://i.scdn.co/image/ab67616d00001e02b7129146f87f5f22b8154bee
85,Mr. Brightside,The Killers,rock,https://i.scdn.co/image/ab67616d00001e02ccdddd46119a4ff53eaf1f5d
86,The Less I Know The Better,Tame Impala,rock,https://i.scdn.co/image/ab67616d00001e029e1cfc756886ac782e363d79
87,Everlong,Foo Fighters,rock,https://i.scdn.co/image/ab67616d00001e024bc9bcdbdc9ac34e37d8b6bb
88,Scar Tissue,Red Hot Chili Peppers,rock,https://i.scdn.co/image/ab67616d00001e0294d08ab63e57b0cae74e8595
89,Thunderstruck,AC/DC,rock,https://i.scdn.co/image/ab67616d00001e029a9b1cc067e4460da04adce2
90,Jane!,The Long Faces,rock,https://i.scdn.co/image/ab67616d00001e026685599bd4bafe725e532e2f
91,Sweet Child O' Mine,Guns N' Roses,rock,https://i.scdn.co/image/ab67616d00001e0221ebf49b3292c3f0f575f0f5
92,In the End,Linkin Park,rock,https://i.scdn.co/image/ab67616d00001e02e2f039481babe23658fc719a
93,Numb,Linkin Park,rock,https://i.scdn.co/image/ab67616d00001e025f1f51d14e8bea89484ecd1b
94,Come As You Are,Nirvana,rock,https://i.scdn.co/image/ab67616d00001e02e175a19e530c898d167d39bf
95,Sweet Home Alabama,Lynyrd Skynyrd,rock,https://i.scdn.co/image/ab67616d00001e0217e1907923e91181f38290ac
96,Can't Stop,Red Hot Chili Peppers,rock,https://i.scdn.co/image/ab67616d00001e02de1af2785a83cc660155a0c4
97,Have You Ever Seen The Rain,Creedence Clearwater Revival,rock,https://i.scdn.co/image/ab67616d00001e0251f311c2fb06ad2789e3ff91
98,Fortunate Son,Creedence Clearwater Revival,rock,https://i.scdn.co/image/ab67616d00001e029f39192f9f8ca1c90847b3e5
99,Chop Suey!,System Of A Down,rock,https://i.scdn.co/image/ab67616d00001e0207bc7d2a745636c356b4d0aa
100,Be Like a Woman,Chris Rainbow,rock,https://i.scdn.co/image/ab67616d00001e02f96aee01fdb9a8d00db869c5
101,Like a Stone,Audioslave,rock,https://i.scdn.co/image/ab67616d00001e02a7292b6863258e889b78d787
102,Enter Sandman (Remastered),Metallica,rock,https://i.scdn.co/image/ab67616d00001e021f9edf15e43f4c2f4938b869
103,Somewhere I Belong,Linkin Park,rock,https://i.scdn.co/image/ab67616d00001e025f1f51d14e8bea89484ecd1b
104,Africa,TOTO,rock,https://i.scdn.co/image/ab67616d00001e02ebd6d20c0082524244ef83df
105,Hotel California - 2013 Remaster,Eagles,rock,https://i.scdn.co/image/ab67616d00001e024637341b9f507521afa9a778
106,Take It Easy - 2013 Remaster,Eagles,rock,https://i.scdn.co/image/ab67616d00001e02c13acd642ba9f6f5f127aa1b
107,Drops of Jupiter (Tell Me),Train,rock,https://i.scdn.co/image/ab67616d00001e021a0278d4109c0f974821aa33
108,Mary Jane's Last Dance,Tom Petty and the Heartbreakers,rock,https://i.scdn.co/image/ab67616d00001e020c3a1b46b6b846dfdfbc6a7d
109,Borderline,Tame Impala,rock,https://i.scdn.co/image/ab67616d00001e0258267bd34420a00d5cf83a49
110,Teenage Dirtbag,Wheatus,rock,https://i.scdn.co/image/ab67616d00001e020a3740efa638f10f14fabc46
111,Brain Stew,Green Day,rock,https://i.scdn.co/image/ab67616d00001e02ac9a652335cf34de9a65292a
112,Faint,Linkin Park,rock,https://i.scdn.co/image/ab67616d00001e025f1f51d14e8bea89484ecd1b
113,Somebody Told Me,The Killers,rock,https://i.scdn.co/image/ab67616d00001e02ccdddd46119a4ff53eaf1f5d
114,Simple Man,Lynyrd Skynyrd,rock,https://i.scdn.co/image/ab67616d00001e02128450651c9f0442780d8eb8
115,More Than a Feeling,Boston,rock,https://i.scdn.co/image/ab67616d00001e028c1fadcc997a65384f34d694
116,Listen to the Music,The Doobie Brothers,rock,https://i.scdn.co/image/ab67616d00001e0291b51fa9b5967fb34c044498
117,Rich Girl,Daryl Hall & John Oates,rock,https://i.scdn.co/image/ab67616d00001e023ebc5b9d8942069d3b920550
118,I Hate Everything About You,Three Days Grace,rock,https://i.scdn.co/image/ab67616d00001e025d4bd2c345c95e847b586403
119,Let Down,Radiohead,rock,https://i.scdn.co/image/ab67616d00001e02c8b444df094279e70d0ed856
120,Change (In the House of Flies),Deftones,rock,https://i.scdn.co/image/ab67616d00001e025c53799f473fa3e1a48c00ed
121,05,Noto,ambient,https://i.scdn.co/image/ab67616d00001e02f0e2e3db35d8433554b4044f
122,Marmalade (Classical Instrumental),Ryan Louder,ambient,https://i.scdn.co/image/ab67616d00001e02dd2a6fa37f394581f73de83d
123,Bees No. 2,Controlled Bleeding,ambient,https://i.scdn.co/image/ab67616d00001e02c1c8441f670f9b3f56c10821
124,Mild Weather,Natura Aeternum,ambient,https://i.scdn.co/image/ab67616d00001e0261f2b59629f2631d532f4960
125,Hymn No. 2,Daniel Menche,ambient,https://i.scdn.co/image/ab67616d00001e021cf471e8bf6bfee3f72882cc
126,Fake Recording (for 17),sevenism,ambient,https://i.scdn.co/image/ab67616d00001e02d31b40cc8f31e75957bb7b58
127,Miles From,sevenism,ambient,https://i.scdn.co/image/ab67616d00001e0209f18fed4318d140f99332e4
128,Man of Stone - Lake Bodom Recordings,Husky Rescue,ambient,https://i.scdn.co/image/ab67616d00001e02edf9be9ae0242a8bf7be3268
129,Transcendence - Original Mix,Jens Buchert,ambient,https://i.scdn.co/image/ab67616d00001e023adbb435b1b94913a6a9343e
130,Movement 3 - Pt. 1 - Instrumental,Erland Cooper,ambient,https://i.scdn.co/image/ab67616d00001e02a87b5e03d652b0079721c8cf
131,The Ones Who Walk Along Side Flame,Guthravir,ambient,https://i.scdn.co/image/ab67616d00001e02214830b9272fe3b8143877c2
132,Meditate,Liquid Memoirs,ambient,https://i.scdn.co/image/ab67616d00001e02e5b6de55c022410411d5bfe0
133,Peggy's Cove,Little Symphony,ambient,https://i.scdn.co/image/ab67616d00001e02a400fcfcc1b0d40a33098af2
134,Rain and Relaxation,Stillness Sanctuary,ambient,https://i.scdn.co/image/ab67616d00001e0215dc7e9c0e29b43c8b70d93c
135,Ghosts of Umbriel,Shava Sadhana,ambient,https://i.scdn.co/image/ab67616d00001e021fafa941e54390a622749595
136,Phase Out,MMOTHS,ambient,https://i.scdn.co/image/ab67616d00001e025464c275b4590da4cf08b2a7
137,Bardo,Ovvoid,ambient,https://i.scdn.co/image/ab67616d00001e02bb60c5ca882dda0fe4bf9221
138,69,Noto,ambient,https://i.scdn.co/image/ab67616d00001e02f0e2e3db35d8433554b4044f
139,Casa Bella,Cirrus Minor,ambient,https://i.scdn.co/image/ab67616d00001e0208bb9e9a0b9fbb7ffc5df555
140,Unrelated Spherification,Perpetual Loop,ambient,https://i.scdn.co/image/ab67616d00001e02e6ed97d5d35b2b69092dc998
141,Sugar (Piano Instrumental),Ryan Louder,ambient,https://i.scdn.co/image/ab67616d00001e02c1911c7856d689f80f31d97d
142,Gentle,Ryan Louder,ambient,https://i.scdn.co/image/ab67616d00001e028d84cf44b26566e672a6136f
143,Sueño Latino - Dub Version By Andrea Gemolotto,Sueño Latino,ambient,https://i.scdn.co/image/ab67616d00001e02b44a64e6df1087f770191eee
144,Opiate and Mullah-2,Muslimgauze,ambient,https://i.scdn.co/image/ab67616d00001e02be9742df93e80d2415cbd90e
145,As We Chase After the Wind,Alex Kozobolis,ambient,https://i.scdn.co/image/ab67616d00001e029d025309b12475c6f225bf94
146,7 Trippy Sisters,Advanced Suite,ambient,https://i.scdn.co/image/ab67616d00001e02c7ff2b34fbb49fa2cb70a40d
147,VIII,Ghosts of Breslau,ambient,https://i.scdn.co/image/ab67616d00001e02abbec053461cdde7fbacd66a
148,Sentimento - Ibeeza Lovers Deep Mix,Aqua Regina,ambient,https://i.scdn.co/image/ab67616d00001e0273786d721eab6a00d8c463dc
149,Respawn,Ovvoid,ambient,https://i.scdn.co/image/ab67616d00001e02976f183dfc001f55395d16a1
150,Sunjumping,Perpetual Loop,ambient,https://i.scdn.co/image/ab67616d00001e02ebac430c100fb38f2cefee5a
151,Mer de velours,Maxence Cyrin,ambient,https://i.scdn.co/image/ab67616d00001e0278518b02aebf7a591055cd5b
152,Alma Divina - Acappella,Morenas,ambient,https://i.scdn.co/image/ab67616d00001e028b00f371c3085c432fee2df3
153,Inserts,Advanced Suite,ambient,https://i.scdn.co/image/ab67616d00001e0224870d63706356b4c6a90981
154,Space Frog,Jens Buchert,ambient,https://i.scdn.co/image/ab67616d00001e022d9247b691d02e1095126d8d
155,The Ketamine Blues,Hinkstep,ambient,https://i.scdn.co/image/ab67616d00001e02b8cacb2e1f34697186f9dc55
156,"Extreme Part, Pt..4",Jens Buchert,ambient,https://i.scdn.co/image/ab67616d00001e024d03be80a71431acba43f0f0
157,Tahiel,JEDIDIAH,ambient,https://i.scdn.co/image/ab67616d00001e02e09af1e0121a665f167edc50
158,Mechanical Universe,Shakri,ambient,https://i.scdn.co/image/ab67616d00001e02d7f0dffb8f0abfe8b2fee712
159,Limits Breaker,Chronos,ambient,https://i.scdn.co/image/ab67616d00001e02928b395e3e8cdd5bb724160f
160,Theme Patcher - Unusal Cosmic Process remix,Tentura,ambient,https://i.scdn.co/image/ab67616d00001e02340487de7b732d5992c203a9
161,Lover Girl,Laufey,jazz,https://i.scdn.co/image/ab67616d00001e02be1e41eda793059fb9129bff
162,From The Start,Laufey,jazz,https://i.scdn.co/image/ab67616d00001e0274c732f8aa0e0ccbb3d17d96
163,Lover Girl,Laufey,jazz,https://i.scdn.co/image/ab67616d00001e028f68f6e65c1cfd36bb21561c
164,Valentine,Laufey,jazz,https://i.scdn.co/image/ab67616d00001e0248341e864d4b4881f56f01b4
165,Let You Break My Heart Again,Laufey,jazz,https://i.scdn.co/image/ab67616d00001e029457bba66a2daf4456855bb7
166,What A Wonderful World,Louis Armstrong,jazz,https://i.scdn.co/image/ab67616d00001e02845a5660b804e5f3e821fbed
167,Falling Behind,Laufey,jazz,https://i.scdn.co/image/ab67616d00001e0248341e864d4b4881f56f01b4
168,Promise,Laufey,jazz,https://i.scdn.co/image/ab67616d00001e0274c732f8aa0e0ccbb3d17d96
169,Madwoman,Laufey,jazz,https://i.scdn.co/image/ab67616d00001e026ec6bdb1b31c8cb6b1d3511f
170,Don't Know Why,Norah Jones,jazz,https://i.scdn.co/image/ab67616d00001e02c648a42b5dad72c8aafceeec
171,From The Start,Laufey,jazz,https://i.scdn.co/image/ab67616d00001e0210ee65ae464018c19c8e8ab4
172,bake shop,kuala,jazz,https://i.scdn.co/image/ab67616d00001e02540c6a5c78bd857c85bb256d
173,Silver Lining,Laufey,jazz,https://i.scdn.co/image/ab67616d00001e028f68f6e65c1cfd36bb21561c
174,Fragile,Laufey,jazz,https://i.scdn.co/image/ab67616d00001e0248341e864d4b4881f56f01b4
175,L-O-V-E,Nat King Cole,jazz,https://i.scdn.co/image/ab67616d00001e028daeb3002870ebba8e8d1387
176,Bored,Laufey,jazz,https://i.scdn.co/image/ab67616d00001e0213832cc69a78c53b18a8bc10
177,Feeling Good,Nina Simone,jazz,https://i.scdn.co/image/ab67616d00001e02892abb1ade35b4863b29e051
178,Virtual Insanity - Remastered 2006,Jamiroquai,jazz,https://i.scdn.co/image/ab67616d00001e0243a58a3269fa18d1e4f8b5ca
179,Fly Me To The Moon (In Other Words),Frank Sinatra,jazz,https://i.scdn.co/image/ab67616d00001e02cb81eb3c1238c60f2bbfd3b5
180,Sunrise,Norah Jones,jazz,https://i.scdn.co/image/ab67616d00001e0264026be0e09c1beda2f67c32
181,deep in it,berlioz,jazz,https://i.scdn.co/image/ab67616d00001e027746e291c442b50b4dfe6806
182,I Wish You Love,Laufey,jazz,https://i.scdn.co/image/ab67616d00001e02afe473a4a47a4e69ab174069
183,Magnolia,Laufey,jazz,https://i.scdn.co/image/ab67616d00001e02afe473a4a47a4e69ab174069
184,La vie en rose - Single Version,Louis Armstrong,jazz,https://i.scdn.co/image/ab67616d00001e02cd1ea8639de6d3f827fba218
185,Second Best,Laufey,jazz,https://i.scdn.co/image/ab67616d00001e0274c732f8aa0e0ccbb3d17d96
186,Letter To My 13 Year Old Self,Laufey,jazz,https://i.scdn.co/image/ab67616d00001e0274c732f8aa0e0ccbb3d17d96
187,Dreamer,Laufey,jazz,https://i.scdn.co/image/ab67616d00001e0274c732f8aa0e0ccbb3d17d96
188,No One's Watching Me (feat. Olivia Dean),Ezra Collective,jazz,https://i.scdn.co/image/ab67616d00001e02e8e913bf1a4776a5fe27ce28
189,Lovesick,Laufey,jazz,https://i.scdn.co/image/ab67616d00001e0274c732f8aa0e0ccbb3d17d96
190,Unforgettable,Nat King Cole,jazz,https://i.scdn.co/image/ab67616d00001e02fdd261528e3590ac36bb85f0
191,Forget-Me-Not,Laufey,jazz,https://i.scdn.co/image/ab67616d00001e028f68f6e65c1cfd36bb21561c
192,Lone Digger,Caravan Palace,jazz,https://i.scdn.co/image/ab67616d00001e025b1b0855f9c7c1276984dc7f
193,Castle in Hollywood,Laufey,jazz,https://i.scdn.co/image/ab67616d00001e028f68f6e65c1cfd36bb21561c
194,Like the Movies,Laufey,jazz,https://i.scdn.co/image/ab67616d00001e02afe473a4a47a4e69ab174069
195,Goddess,Laufey,jazz,https://i.scdn.co/image/ab67616d00001e0213832cc69a78c53b18a8bc10
196,Take Five,The Dave Brubeck Quartet,jazz,https://i.scdn.co/image/ab67616d00001e02b6bd44cf06bf8f4d5ce1e080
197,I'll Be Seeing You,Billie Holiday,jazz,https://i.scdn.co/image/ab67616d00001e02f8743d2c7812763f7f66e83b
198,Everything,Michael Bublé,jazz,https://i.scdn.co/image/ab67616d00001e022ceedc8c879a1f6784fbeef5
199,Time,Olivia Dean,jazz,https://i.scdn.co/image/ab67616d00001e026f9c61b26197548ff3a5bd9e
200,Turn Me On,Norah Jones,jazz,https://i.scdn.co/image/ab67616d00001e02c648a42b5dad72c8aafceeec
201,Tá Legal II,Hari Maia,synthwave,https://i.scdn.co/image/ab67616d00001e02d03603b908c53c4411ddf8bd
202,Rt 124: Desert Divide,Makeup And Vanity Set,synthwave,https://i.scdn.co/image/ab67616d00001e02f9be608c47cc6487d76daefb
203,Money and Run,Cybass,synthwave,https://i.scdn.co/image/ab67616d00001e02ff6384fb2dc60f90c0088e6b
204,Rt 56: Machine Mountain,Makeup And Vanity Set,synthwave,https://i.scdn.co/image/ab67616d00001e02f9be608c47cc6487d76daefb
205,Ghost of Dickens,Absinth3,synthwave,https://i.scdn.co/image/ab67616d00001e0257d1dc99f269c52ed457e48d
206,It's Over (Audio Log),Megahit,synthwave,https://i.scdn.co/image/ab67616d00001e0253cf421d1d26bd971deb4ced
207,Chatsubo,Cybass,synthwave,https://i.scdn.co/image/ab67616d00001e02ff6384fb2dc60f90c0088e6b
208,Mistah Boom,Cybass,synthwave,https://i.scdn.co/image/ab67616d00001e02eff7bd5dfc7ad5ef282549b6
209,The Horror,Baldocaster,synthwave,https://i.scdn.co/image/ab67616d00001e02f040c4a123e07c979fa887a6
210,Ident I,Baldocaster,synthwave,https://i.scdn.co/image/ab67616d00001e02f5d80cd5a64b5485a4d06efa
211,Kitchen Floor (From Now On),Mecha Maiko,synthwave,https://i.scdn.co/image/ab67616d00001e0291fa81f02a202d1f0993b65d
212,Confuse,Cleeve Morris,synthwave,https://i.scdn.co/image/ab67616d00001e02e0875bf11877bc9fc38fb882
213,Gimme a Dubplate,Cybass,synthwave,https://i.scdn.co/image/ab67616d00001e02ff6384fb2dc60f90c0088e6b
214,Exhale,Andrew Southworth,synthwave,https://i.scdn.co/image/ab67616d00001e02acf81ed7fb8797b8a8e39dc6
215,Video,Duett,synthwave,https://i.scdn.co/image/ab67616d00001e02a4b869bc2a37fef43dbaedfc
216,misery.,pupsies,synthwave,https://i.scdn.co/image/ab67616d00001e02316b7fde50dfbf4be72735c2
217,Way Too Self Aware,Ian Asher,synthwave,https://i.scdn.co/image/ab67616d00001e0239b3af17fac3a518c49e86ea
218,Titanium (feat. Sia),David Guetta,synthwave,https://i.scdn.co/image/ab67616d00001e0287e2f8346625bb6fd20d52be
219,Lean On,Major Lazer,synthwave,https://i.scdn.co/image/ab67616d00001e02d6d24aee7b49a2db98a76856
220,Feel So Close - Radio Edit,Calvin Harris,synthwave,https://i.scdn.co/image/ab67616d00001e02dcef905cb144d4867119850b
221,Summer,Calvin Harris,synthwave,https://i.scdn.co/image/ab67616d00001e028fba5806a323efd272677c4d
222,Outside (feat. Ellie Goulding),Calvin Harris,synthwave,https://i.scdn.co/image/ab67616d00001e028fba5806a323efd272677c4d
223,Wake Me Up,Avicii,synthwave,https://i.scdn.co/image/ab67616d00001e02e14f11f796cef9f9a82691a7
224,Clarity,Zedd,synthwave,https://i.scdn.co/image/ab67616d00001e02941dd3b3343d9cb9329d37bf
225,P.Y.T. (Pretty Young Thing),Michael Jackson,synthwave,https://i.scdn.co/image/ab67616d00001e0232a7d87248d1b75463483df5
226,Black Out Days (Stay Away),Ian Asher,synthwave,https://i.scdn.co/image/ab67616d00001e0253ab70a27d58af286ce9eb91
227,Take Me (To The Moon),Ian Asher,synthwave,https://i.scdn.co/image/ab67616d00001e0264bb7d8be3e9d9f69310edfb
228,The Nights,Avicii,synthwave,https://i.scdn.co/image/ab67616d00001e020ae4f4d42e4a09f3a29f64ad
229,I Took A Pill In Ibiza - Seeb Remix,Mike Posner,synthwave,https://i.scdn.co/image/ab67616d00001e021db27fa11dbafa67857da8f3
230,The Days - NOTION Remix,Chrystal,synthwave,https://i.scdn.co/image/ab67616d00001e029041b9965925059507fb44af
231,Desire,Ian Asher,synthwave,https://i.scdn.co/image/ab67616d00001e021b63ef5d0e5bf964cf33cb9e
232,There Is a Light That Never Goes Out - 2011 Remaster,The Smiths,synthwave,https://i.scdn.co/image/ab67616d00001e026236778a208a15eb71079601
233,Back to the Old House - 2011 Remaster,The Smiths,synthwave,https://i.scdn.co/image/ab67616d00001e02c9b31b01e4d81f8289e49574
234,Memories (feat. Kid Cudi),David Guetta,synthwave,https://i.scdn.co/image/ab67616d00001e028049549d4bc25e366788a6b3
235,Heaven Knows I'm Miserable Now - 2011 Remaster,The Smiths,synthwave,https://i.scdn.co/image/ab67616d00001e0204480d4422fe67d383386660
236,Victory Lap,Fred again..,synthwave,https://i.scdn.co/image/ab67616d00001e02bf705b821b031cefe91d7b90
237,Sexy Bitch (feat. Akon),David Guetta,synthwave,https://i.scdn.co/image/ab67616d00001e02b2e43ed3850e072831f7b2c6
238,Better Off Alone,Alice Deejay,synthwave,https://i.scdn.co/image/ab67616d00001e028d897b8994ce008298200408
239,Everytime We Touch,Cascada,synthwave,https://i.scdn.co/image/ab67616d00001e02e0c8b75abb6704283aa645aa
240,I'm Good (Blue),David Guetta,synthwave,https://i.scdn.co/image/ab67616d00001e02f24c7321eabddffc3829676b
241,Impostor Syndrome,Sidney Gish,indie pop,https://i.scdn.co/image/ab67616d00001e02f7832bb86831bdec9848acda
242,Not Allowed,TV Girl,indie pop,https://i.scdn.co/image/ab67616d00001e0232f5fec7a879ed6ef28f0dfd
243,Apocalypse,Cigarettes After Sex,indie pop,https://i.scdn.co/image/ab67616d00001e02dfed999f959177dfc4f33cdc
244,the perfect pair,beabadoobee,indie pop,https://i.scdn.co/image/ab67616d00001e02384d10f967c2b914de7e2713
245,Fade Into You,Mazzy Star,indie pop,https://i.scdn.co/image/ab67616d00001e0289a392107ebd79818022b3ea
246,undressed,sombr,indie pop,https://i.scdn.co/image/ab67616d00001e024229702de91cb3d3a4383302
247,Beaches,beabadoobee,indie pop,https://i.scdn.co/image/ab67616d00001e027d9a2e7835a178df7b0153aa
248,Cry,Cigarettes After Sex,indie pop,https://i.scdn.co/image/ab67616d00001e028324db1ae37be249aed887e7
249,Everybody Wants To Rule The World,Tears For Fears,indie pop,https://i.scdn.co/image/ab67616d00001e0222463d6939fec9e17b2a6235
250,we fell in love in october,girl in red,indie pop,https://i.scdn.co/image/ab67616d00001e02d6839051c4760457e1a60b2a
251,Boys Don't Cry - Single Version,The Cure,indie pop,https://i.scdn.co/image/ab67616d00001e025d0d65102be8606e439e54cc
252,Chest Pain (I Love),Malcolm Todd,indie pop,https://i.scdn.co/image/ab67616d00001e0287607b2c8f5f52f1f057be0d
253,Space Song,Beach House,indie pop,https://i.scdn.co/image/ab67616d00001e029b7190e673e46271b2754aab
254,Electric Love,BØRNS,indie pop,https://i.scdn.co/image/ab67616d00001e02cc2cf912462d8ae4ef856434
255,Bags,Clairo,indie pop,https://i.scdn.co/image/ab67616d00001e023e4fc846c2b52b9cb6ff2e1f
256,Just like Heaven,The Cure,indie pop,https://i.scdn.co/image/ab67616d00001e027f22337546d61faca55e0f4f
257,Nothing's Gonna Hurt You Baby,Cigarettes After Sex,indie pop,https://i.scdn.co/image/ab67616d00001e02f20d15ff288e94492f7097eb
258,Hello?,Clairo,indie pop,https://i.scdn.co/image/ab67616d00001e02936ed6cb629a7550be86e415
259,Show Me How,Men I Trust,indie pop,https://i.scdn.co/image/ab67616d00001e02deeb617204bc14f4ee87b057
260,Sweet,Cigarettes After Sex,indie pop,https://i.scdn.co/image/ab67616d00001e02dfed999f959177dfc4f33cdc
261,Something About You,Eyedress,indie pop,https://i.scdn.co/image/ab67616d00001e024641ca89cd79b552d77145dd
262,Difficult Love,Malcolm Todd,indie pop,https://i.scdn.co/image/ab67616d00001e02a1cac678024bb37d83ab012c
263,K.,Cigarettes After Sex,indie pop,https://i.scdn.co/image/ab67616d00001e02dfed999f959177dfc4f33cdc
264,Sunsetz,Cigarettes After Sex,indie pop,https://i.scdn.co/image/ab67616d00001e02dfed999f959177dfc4f33cdc
265,Friday I'm in Love,The Cure,indie pop,https://i.scdn.co/image/ab67616d00001e02e410fa31e3dfcc7521cde86d
266,Everybody Wants To Rule The World,Tears For Fears,indie pop,https://i.scdn.co/image/ab67616d00001e025e12c35cb4c848a927ef4b69
267,Apple Cider,beabadoobee,indie pop,https://i.scdn.co/image/ab67616d00001e02ceca3ef39ab8f9b59acff394
268,Malcolm In The Middle,Malcolm Todd,indie pop,https://i.scdn.co/image/ab67616d00001e02a1cac678024bb37d83ab012c
269,Back To Me,The Marías,indie pop,https://i.scdn.co/image/ab67616d00001e02a66ab2cbaebcc84ddd45a078
270,Kingston,Faye Webster,indie pop,https://i.scdn.co/image/ab67616d00001e02ac4ebd092fa2cf210e4c8023
271,Taking What's Not Yours,TV Girl,indie pop,https://i.scdn.co/image/ab67616d00001e0232f5fec7a879ed6ef28f0dfd
272,Looking Out for You,Joy Again,indie pop,https://i.scdn.co/image/ab67616d00001e025448a3dfe8528453a3686fd6
273,Mr. Incorrect,Malcolm Todd,indie pop,https://i.scdn.co/image/ab67616d00001e022c1f34ecc1929fb59908aad1
274,Gun To My Head,Malcolm Todd,indie pop,https://i.scdn.co/image/ab67616d00001e02a1cac678024bb37d83ab012c
275,Are You Bored Yet? (feat. Clairo),Wallows,indie pop,https://i.scdn.co/image/ab67616d00001e021df393f4cf29c80c04456f77
276,Almost (Sweet Music),Hozier,indie pop,https://i.scdn.co/image/ab67616d00001e02c8aa333b95c1c4e6b43bb2a4
277,Stephanie,Nafeesisboujee,indie pop,https://i.scdn.co/image/ab67616d00001e023bda019c02edcbacd8b22417
278,Pretty Girl,Clairo,indie pop,https://i.scdn.co/image/ab67616d00001e02378a655e1c7ca93207ace890
279,Glue Song,beabadoobee,indie pop,https://i.scdn.co/image/ab67616d00001e02e3862aeefcb2f0860ef017e4
280,Lost Boys,Phoebe Bridgers,indie pop,https://i.scdn.co/image/ab67616d00001e027d2d1eb695b8384b81bacb9d
281,I Love Mondays,Vexento,edm,https://i.scdn.co/image/ab67616d00001e02d60a923c5233a66db07bb340
282,Three Thousand (Radio Edit),LarsM,edm,https://i.scdn.co/image/ab67616d00001e02810d905f6b97098684269058
283,Nervous - Mixed,KO3,edm,https://i.scdn.co/image/ab67616d00001e02fd0613c81a47676632f590c7
284,I Love Mondays,Vexento,edm,https://i.scdn.co/image/ab67616d00001e02f5e946e55525a29c137a117c
285,Traffic Jam,Slow Fresh Oil,edm,https://i.scdn.co/image/ab67616d00001e02769ae3081fbc924c0238821a
286,We Chase the Sun,Mike Plume Band,edm,https://i.scdn.co/image/ab67616d00001e02407efe727a6b694651e1a37d
287,My Lies,Amber Suchy,edm,https://i.scdn.co/image/ab67616d00001e029a9873e3259b4b234706ed53
288,"Star Wars Main Theme (From ""Star Wars IV: A New Hope"") [The Avengers (From ""The Avengers"") [Chiptune]",Funny Boy,edm,https://i.scdn.co/image/ab67616d00001e021ffd3abdb4142ca1a084e505
289,Fire in the Sky,Project 91,edm,https://i.scdn.co/image/ab67616d00001e02835c09b52ad5e4e2658afa62
290,Eu Vou Te Esperar,Klamboo,edm,https://i.scdn.co/image/ab67616d00001e02fc0b1556aa91915cbeae743b
291,Life,John Dahlbäck,edm,https://i.scdn.co/image/ab67616d00001e02c91e420dd22f12e3a8ff7ece
292,W.H.Y Jazz Fm,Andezzz,edm,https://i.scdn.co/image/ab67616d00001e02fee9937597198ca5769d96b1
293,The Balance Of The Soul - Michal Jesensky Remix,Foxa,edm,https://i.scdn.co/image/ab67616d00001e02a282977fc099a1ceee8719f1
294,Three Thousand (Radio Edit),LarsM,edm,https://i.scdn.co/image/ab67616d00001e02aab58bb06c35a76359f4c51d
295,Won't Tell,Cadence & Nathan,edm,https://i.scdn.co/image/ab67616d00001e02ae50dd54ba1df9d3ad2293bc
296,Fire in the Sky,Project 91,edm,https://i.scdn.co/image/ab67616d00001e02ce296171ad8a7fd22edef7ca
297,Fire in the Sky,Project 91,edm,https://i.scdn.co/image/ab67616d00001e021513e4021642d39456fb391b
298,Take Your Thyme,The Consonance,edm,https://i.scdn.co/image/ab67616d00001e028c23bde6e9c849cf609284b1
299,Thoughts In Black And White,The Consonance,edm,https://i.scdn.co/image/ab67616d00001e028c23bde6e9c849cf609284b1
300,The Lert,Slow Fresh Oil,edm,https://i.scdn.co/image/ab67616d00001e02769ae3081fbc924c0238821a
301,Rainbow (Extended Club Mix),Kanae Asaba,edm,https://i.scdn.co/image/ab67616d00001e023fcc43ac360fd246f259742d
302,Holding On,Doug Hoyer,edm,https://i.scdn.co/image/ab67616d00001e02b27fcdaf193a2fb393ba9368
303,Batgirl - Edit,Kahikko,edm,https://i.scdn.co/image/ab67616d00001e021ed8be6103af91b00a310a78
304,Three Thousand (Radio Edit),LarsM,edm,https://i.scdn.co/image/ab67616d00001e021f3f93a88f5bb894b6a15c97
305,Believe in Shame - Original Mix,Mandragora,edm,https://i.scdn.co/image/ab67616d00001e02e621f831f8ab8c560ae99910
306,Secret - Interlude,Tennyson,edm,https://i.scdn.co/image/ab67616d00001e0263b0b35f599f4b1a3cdd82e2
307,After the Morning After,Ayla Brook,edm,https://i.scdn.co/image/ab67616d00001e02b5cc7022e6e440ca0531e752
308,Get Get Down - Biggi Remix,R3HAB,edm,https://i.scdn.co/image/ab67616d00001e02b0f31783b917cf7a5e1975df
309,Slow - Unreleased Live Track,Unwed Mothers,edm,https://i.scdn.co/image/ab67616d00001e02096fdee1b13afc6c6a3e4dbf
310,It's Easy,The Provincial Archive,edm,https://i.scdn.co/image/ab67616d00001e028bf0bdff1d324b3355efbdf0
311,"The Imperial March (From ""Star Wars A New Hope"") [Chiptune]",Funny Boy,edm,https://i.scdn.co/image/ab67616d00001e025c71793802faf7f7dec0e250
312,Out of Season,Doug Hoyer,edm,https://i.scdn.co/image/ab67616d00001e02b27fcdaf193a2fb393ba9368
313,Believe in Shame - House Rhythms Mix,Mandragora,edm,https://i.scdn.co/image/ab67616d00001e0290ce49377c84b7d803bc8b5f
314,Believe in Shame - Original Mix,Mandragora,edm,https://i.scdn.co/image/ab67616d00001e027c1c707d7ca44442519391b7
315,Shadow - Original,Kohra,edm,https://i.scdn.co/image/ab67616d00001e028bae1b39d8c2151ccb25195f
316,Fake Play,Abruzzi Spur,edm,https://i.scdn.co/image/ab67616d00001e028dbd4e47f6664ea79965b443
317,Landslides,Breaking For Love,edm,https://i.scdn.co/image/ab67616d00001e02122da32ebc380e4aa489843c
318,Now You See It,Hungry Hollow,edm,https://i.scdn.co/image/ab67616d00001e023c1a29c3fd0e4e86edd6e01e
319,Big Star,Stew Kirkwood,edm,https://i.scdn.co/image/ab67616d00001e02de567508ab3f36e901105610
320,Fire in the Sky,Project 91,edm,https://i.scdn.co/image/ab67616d00001e02a0da1561d8493e283e75e357
321,Choosin' Texas,Ella Langley,country,https://i.scdn.co/image/ab67616d00001e0290958927fbba47a62c3e63f8
322,Broken Window Serenade,Whiskey Myers,country,https://i.scdn.co/image/ab67616d00001e022a56fbcf4c26d35d6e0bd9f1
323,I'm The Problem,Morgan Wallen,country,https://i.scdn.co/image/ab67616d00001e0235ea219ce47813b5e2dc3745
324,I Got Better,Morgan Wallen,country,https://i.scdn.co/image/ab67616d00001e0235ea219ce47813b5e2dc3745
325,I Remember Everything (feat. Kacey Musgraves),Zach Bryan,country,https://i.scdn.co/image/ab67616d00001e023bd1de7368f5f1efd1d787b3
326,Be Her,Ella Langley,country,https://i.scdn.co/image/ab67616d00001e028606848da949bbaddf447d87
327,Choosin' Texas,Ella Langley,country,https://i.scdn.co/image/ab67616d00001e028606848da949bbaddf447d87
328,I Can't Love You Anymore,Ella Langley,country,https://i.scdn.co/image/ab67616d00001e020c20b697b7cc3bfe3eb954bc
329,You Should Probably Leave,Chris Stapleton,country,https://i.scdn.co/image/ab67616d00001e029408342067e2ff50d69a3c98
330,weren't for the wind,Ella Langley,country,https://i.scdn.co/image/ab67616d00001e02edf9ec71330d53881ee0c2d9
331,Springsteen,Eric Church,country,https://i.scdn.co/image/ab67616d00001e02c1bc36faa8afff2b5273490b
332,Whiskey Glasses,Morgan Wallen,country,https://i.scdn.co/image/ab67616d00001e021215aac0c23dd8c31f5c14c1
333,Last Night,Morgan Wallen,country,https://i.scdn.co/image/ab67616d00001e02c37a94d92b0a874ba2419ed7
334,When It Rains It Pours,Luke Combs,country,https://i.scdn.co/image/ab67616d00001e02a456620e42fb68e8976c91b5
335,Something in the Orange,Zach Bryan,country,https://i.scdn.co/image/ab67616d00001e02e772398dc2edb9fc416b9cd1
336,Tennessee Whiskey,Chris Stapleton,country,https://i.scdn.co/image/ab67616d00001e02540fc1d083eac5bcff8dad21
337,Wagon Wheel,Darius Rucker,country,https://i.scdn.co/image/ab67616d00001e023c814f8afa852904e9db8a9f
338,Chicken Fried,Zac Brown Band,country,https://i.scdn.co/image/ab67616d00001e02157d6d0762e17e7dc1ad5203
339,you look like you love me (feat. Riley Green),Ella Langley,country,https://i.scdn.co/image/ab67616d00001e02cf0d0343d350f57d265484e0
340,20 Cigarettes,Morgan Wallen,country,https://i.scdn.co/image/ab67616d00001e0235ea219ce47813b5e2dc3745
341,Feathered Indians,Tyler Childers,country,https://i.scdn.co/image/ab67616d00001e025a38bd36056b909ed607689d
342,Chasin' You,Morgan Wallen,country,https://i.scdn.co/image/ab67616d00001e021215aac0c23dd8c31f5c14c1
343,Cowgirls,Morgan Wallen,country,https://i.scdn.co/image/ab67616d00001e02c37a94d92b0a874ba2419ed7
344,Missed Call,Treaty Oak Revival,country,https://i.scdn.co/image/ab67616d00001e02c9821c79b260d77f2a55f7d7
345,Wondering Why,The Red Clay Strays,country,https://i.scdn.co/image/ab67616d00001e0203fd430cb92bf7c49183ab6f
346,Worst Way,Riley Green,country,https://i.scdn.co/image/ab67616d00001e023e3cacc30688b39ffed26334
347,Bottom Of Your Boots,Ella Langley,country,https://i.scdn.co/image/ab67616d00001e028606848da949bbaddf447d87
348,Hell At Night (feat. Ella Langley),BigXthaPlug,country,https://i.scdn.co/image/ab67616d00001e02077790f3c84f48b3ce264818
349,Been By Now,Morgan Wallen,country,https://i.scdn.co/image/ab67616d00001e02349f6c0133abbfca063891c1
350,7 Summers,Morgan Wallen,country,https://i.scdn.co/image/ab67616d00001e02d11e2e1e9a84f6fbf864536d
351,Ain't No Love In Oklahoma (From Twisters: The Album),Luke Combs,country,https://i.scdn.co/image/ab67616d00001e026f555ba312f3317dcbaa2cb9
352,Be Her,Ella Langley,country,https://i.scdn.co/image/ab67616d00001e0244cfd85001629f8f476d2723
353,Head Over Boots,Jon Pardi,country,https://i.scdn.co/image/ab67616d00001e0214d09c1ad67f2028764ee0f4
354,Thinkin’ Bout Me,Morgan Wallen,country,https://i.scdn.co/image/ab67616d00001e028337dd45f445c35f7292a81e
355,Pink Skies,Zach Bryan,country,https://i.scdn.co/image/ab67616d00001e0236fbdbea696df93933bafdb8
356,More Than My Hometown,Morgan Wallen,country,https://i.scdn.co/image/ab67616d00001e02f26e16c256f7042d8f6a814b
357,Where the Wild Things Are,Luke Combs,country,https://i.scdn.co/image/ab67616d00001e024f279906df8721c0534c0245
358,Neon Moon,Brooks & Dunn,country,https://i.scdn.co/image/ab67616d00001e02cf1e09d6382993798b554242
359,'Til You Can't,Cody Johnson,country,https://i.scdn.co/image/ab67616d00001e023063a4b9290f7419622ff231
360,Fast Car,Luke Combs,country,https://i.scdn.co/image/ab67616d00001e024f279906df8721c0534c0245
361,MORNING DEW (DONK),Beyoncé,r&b,https://i.scdn.co/image/ab67616d00001e0229803857f9f242ab9fdcfe40
362,Snooze,SZA,r&b,https://i.scdn.co/image/ab67616d00001e02bc18bdade69ec5ef0bb25b17
363,damned,Miguel,r&b,https://i.scdn.co/image/ab67616d00001e029ce9e97f45010627a3ea8390
364,Bad Habit,Steve Lacy,r&b,https://i.scdn.co/image/ab67616d00001e026938311000a0e494a26986e5
365,Sure Thing,Miguel,r&b,https://i.scdn.co/image/ab67616d00001e02d5a8395b0d80b8c48a5d851c
366,I Want You Back,The Jackson 5,r&b,https://i.scdn.co/image/ab67616d00001e0216aaf05fe82237576a7d0e38
367,Ain't No Mountain High Enough,Marvin Gaye,r&b,https://i.scdn.co/image/ab67616d00001e029173e50e99bdea2400222f02
368,Remember the Time,Michael Jackson,r&b,https://i.scdn.co/image/ab67616d00001e02bf4cf0f48b94d0c8297b751a
369,Power Trip (feat. Miguel),J. Cole,r&b,https://i.scdn.co/image/ab67616d00001e02c1bb124f993488cf21b269fc
370,the feeling,Steve Lacy,r&b,https://i.scdn.co/image/ab67616d00001e02c2051e257fca29adecca19ee
371,Who's Lovin' You,The Jackson 5,r&b,https://i.scdn.co/image/ab67616d00001e0216aaf05fe82237576a7d0e38
372,You,Lloyd,r&b,https://i.scdn.co/image/ab67616d00001e02eec376776dc8377060f2be5c
373,Location,Khalid,r&b,https://i.scdn.co/image/ab67616d00001e024ac041e0d889d3a2608210d5
374,Sky Walker (feat. Travis Scott),Miguel,r&b,https://i.scdn.co/image/ab67616d00001e02ee1ae7d44f10961722736148
375,butterflies.,Brent Faiyaz,r&b,https://i.scdn.co/image/ab67616d00001e02d8acadd7be5455ea09c06cf9
376,Don't,Bryson Tiller,r&b,https://i.scdn.co/image/ab67616d00001e028fbf8ef444a2b0acc6ee2faf
377,is it cool? (feat. SZA),Steve Lacy,r&b,https://i.scdn.co/image/ab67616d00001e02504ee91f37d2fd96ddda7da0
378,MUTT,Leon Thomas,r&b,https://i.scdn.co/image/ab67616d00001e027fc4fb3453f841652d2e4814
379,My Girl,The Temptations,r&b,https://i.scdn.co/image/ab67616d00001e021a5b6271ae1c8497df20916e
380,Good Days,SZA,r&b,https://i.scdn.co/image/ab67616d00001e02bc18bdade69ec5ef0bb25b17
381,Forever,Chris Brown,r&b,https://i.scdn.co/image/ab67616d00001e02b0d747e54b78eb460dcb9316
382,TBH,PARTYNEXTDOOR,r&b,https://i.scdn.co/image/ab67616d00001e025adf49e4d5f1eb30646a2adf
383,Not You Too (feat. Chris Brown),Drake,r&b,https://i.scdn.co/image/ab67616d00001e02bba7cfaf7c59ff0898acba1f
384,Sativa,Jhené Aiko,r&b,https://i.scdn.co/image/ab67616d00001e027ccc8005498d9f75b03333c2
385,Girl With The Tattoo Enter.lewd,Miguel,r&b,https://i.scdn.co/image/ab67616d00001e02d5a8395b0d80b8c48a5d851c
386,Broken Clocks,SZA,r&b,https://i.scdn.co/image/ab67616d00001e0206d56b057cce5797538a16d5
387,What You Heard,Sonder,r&b,https://i.scdn.co/image/ab67616d00001e029852437d39690c760e108a14
388,All I Want Is You (feat. J. Cole),Miguel,r&b,https://i.scdn.co/image/ab67616d00001e02d5a8395b0d80b8c48a5d851c
389,Right My Wrongs,Bryson Tiller,r&b,https://i.scdn.co/image/ab67616d00001e028fbf8ef444a2b0acc6ee2faf
390,Family Affair,Mary J. Blige,r&b,https://i.scdn.co/image/ab67616d00001e02096a7fc9668305db9d3175fc
391,Nobody Gets Me,SZA,r&b,https://i.scdn.co/image/ab67616d00001e02bc18bdade69ec5ef0bb25b17
392,stranger,Jhené Aiko,r&b,https://i.scdn.co/image/ab67616d00001e02832acae590753bd6e2c42b7f
393,How Many Drinks?,Miguel,r&b,https://i.scdn.co/image/ab67616d00001e02fe113f478616e62a8fe14108
394,Poison,Bell Biv DeVoe,r&b,https://i.scdn.co/image/ab67616d00001e020ce91190aaea70dd4fe020c4
395,If I Ain't Got You,Alicia Keys,r&b,https://i.scdn.co/image/ab67616d00001e0256ff19308ebeb48e2ba6094b
396,Exchange,Bryson Tiller,r&b,https://i.scdn.co/image/ab67616d00001e028fbf8ef444a2b0acc6ee2faf
397,"Slow Down - 12"" Version",Bobby V.,r&b,https://i.scdn.co/image/ab67616d00001e025ab4f6bfca031d8ec1e0c1c7
398,Miss Independent,Ne-Yo,r&b,https://i.scdn.co/image/ab67616d00001e025694163d7c4ab48251e9b57c
399,4Me 4Me,Malcolm Todd,r&b,https://i.scdn.co/image/ab67616d00001e022c1f34ecc1929fb59908aad1
400,No Guidance (feat. Drake),Chris Brown,r&b,https://i.scdn.co/image/ab67616d00001e020bf1b932009c0bff47b8cb86
401,My Own Summer (Shove It),Deftones,metal,https://i.scdn.co/image/ab67616d00001e020b1129853982ea17845d4eb6
402,Break Stuff,Limp Bizkit,metal,https://i.scdn.co/image/ab67616d00001e023783782de74f61e36795bf9c
403,What I've Done,Linkin Park,metal,https://i.scdn.co/image/ab67616d00001e026e996745f2c7b8036abef213
404,Toxicity,System Of A Down,metal,https://i.scdn.co/image/ab67616d00001e0207bc7d2a745636c356b4d0aa
405,Rollin' (Air Raid Vehicle),Limp Bizkit,metal,https://i.scdn.co/image/ab67616d00001e024a31b146c7cf07705d912efe
406,Freak On a Leash,Korn,metal,https://i.scdn.co/image/ab67616d00001e024e492e787ed64de43c3a3a21
407,Aerials,System Of A Down,metal,https://i.scdn.co/image/ab67616d00001e0207bc7d2a745636c356b4d0aa
408,Last Resort,Papa Roach,metal,https://i.scdn.co/image/ab67616d00001e02985bf5ede2fe4a048ee85f28
409,Welcome To The Jungle,Guns N' Roses,metal,https://i.scdn.co/image/ab67616d00001e0221ebf49b3292c3f0f575f0f5
410,Duality,Slipknot,metal,https://i.scdn.co/image/ab67616d00001e026b3463e7160d333ada4b175a
411,One Step Closer,Linkin Park,metal,https://i.scdn.co/image/ab67616d00001e02e2f039481babe23658fc719a
412,Kickstart My Heart,Mötley Crüe,metal,https://i.scdn.co/image/ab67616d00001e02fc30908354ee3be55dc6feb2
413,Lonely Day,System Of A Down,metal,https://i.scdn.co/image/ab67616d00001e02f5e7b2e5adaa87430a3eccff
414,Bodies,Drowning Pool,metal,https://i.scdn.co/image/ab67616d00001e0226d45b50f2016fed43d54320
415,Crawling,Linkin Park,metal,https://i.scdn.co/image/ab67616d00001e02e2f039481babe23658fc719a
416,Just Pretend,Bad Omens,metal,https://i.scdn.co/image/ab67616d00001e02bafcef0262b82dec233717e2
417,Bleed It Out,Linkin Park,metal,https://i.scdn.co/image/ab67616d00001e026e996745f2c7b8036abef213
418,Entombed,Deftones,metal,https://i.scdn.co/image/ab67616d00001e0273652b7a0dc388dd1d044b69
419,Cherry Waves,Deftones,metal,https://i.scdn.co/image/ab67616d00001e02c869fa3b4e0ce4dd9818a40e
420,Paradise City,Guns N' Roses,metal,https://i.scdn.co/image/ab67616d00001e0221ebf49b3292c3f0f575f0f5
421,Be Quiet and Drive (Far Away),Deftones,metal,https://i.scdn.co/image/ab67616d00001e020b1129853982ea17845d4eb6
422,Sextape,Deftones,metal,https://i.scdn.co/image/ab67616d00001e0272c2145d48f68917a7361b15
423,Master of Puppets (Remastered),Metallica,metal,https://i.scdn.co/image/ab67616d00001e02cad4832cb7b5844343278daa
424,For Whom The Bell Tolls (Remastered),Metallica,metal,https://i.scdn.co/image/ab67616d00001e02533fd0b248052d04e6b732c0
425,Blind,Korn,metal,https://i.scdn.co/image/ab67616d00001e027153b1cf6ee990c2a9fa46cc
426,Given Up,Linkin Park,metal,https://i.scdn.co/image/ab67616d00001e026e996745f2c7b8036abef213
427,Papercut,Linkin Park,metal,https://i.scdn.co/image/ab67616d00001e02e2f039481babe23658fc719a
428,Lying from You,Linkin Park,metal,https://i.scdn.co/image/ab67616d00001e0210b4bd659193bc34476e066f
429,Click Click Boom,Saliva,metal,https://i.scdn.co/image/ab67616d00001e02c72cc4087da2190116857f37
430,My Way,Limp Bizkit,metal,https://i.scdn.co/image/ab67616d00001e024a31b146c7cf07705d912efe
431,Coming Undone,Korn,metal,https://i.scdn.co/image/ab67616d00001e0274c1560b64750a1774495144
432,Livin' On A Prayer,Bon Jovi,metal,https://i.scdn.co/image/ab67616d00001e0249e6168f69625252689c2526
433,One (Remastered),Metallica,metal,https://i.scdn.co/image/ab67616d00001e02be54746b374358970b5e617a
434,Down with the Sickness,Disturbed,metal,https://i.scdn.co/image/ab67616d00001e022b222dcd5c4fcac7c0e81da2
435,You Give Love A Bad Name,Bon Jovi,metal,https://i.scdn.co/image/ab67616d00001e0249e6168f69625252689c2526
436,Rosemary,Deftones,metal,https://i.scdn.co/image/ab67616d00001e0273652b7a0dc388dd1d044b69
437,Sober,TOOL,metal,https://i.scdn.co/image/ab67616d00001e02fd1602df46ac56e2f5260ec0
438,Nothing Else Matters (Remastered),Metallica,metal,https://i.scdn.co/image/ab67616d00001e021f9edf15e43f4c2f4938b869
439,Before I Forget,Slipknot,metal,https://i.scdn.co/image/ab67616d00001e026b3463e7160d333ada4b175a
440,Psychosocial,Slipknot,metal,https://i.scdn.co/image/ab67616d00001e02e7fbc0883149094912559f2c
441,Kingdom of Fear,Cameron Whitcomb,folk,https://i.scdn.co/image/ab67616d00001e02bcfaf15333e6956697a5a98f
442,Stick Season,Noah Kahan,folk,https://i.scdn.co/image/ab67616d00001e026ee35072df1af802cca09918
443,A Horse with No Name,America,folk,https://i.scdn.co/image/ab67616d00001e02cc2ef2810c85fde8ec60cbc4
444,Riptide,Vance Joy,folk,https://i.scdn.co/image/ab67616d00001e0205d081cbdc2f67d37a364d63
445,Northern Attitude,Noah Kahan,folk,https://i.scdn.co/image/ab67616d00001e026ee35072df1af802cca09918
446,The Great Divide,Noah Kahan,folk,https://i.scdn.co/image/ab67616d00001e02d879855b819250d3d00a1a38
447,Doors,Noah Kahan,folk,https://i.scdn.co/image/ab67616d00001e02d879855b819250d3d00a1a38
448,Ventura Highway,America,folk,https://i.scdn.co/image/ab67616d00001e025e2289475a30c75dfca7d228
449,Staying Still,Noah Kahan,folk,https://i.scdn.co/image/ab67616d00001e02c39789e2dbdad5af5736e07a
450,Ho Hey,The Lumineers,folk,https://i.scdn.co/image/ab67616d00001e02f350c13195ce048876b5fea4
451,Fool's Gold,Buffalo Traffic Jam,folk,https://i.scdn.co/image/ab67616d00001e02153f313d30213facca893340
452,Ophelia,The Lumineers,folk,https://i.scdn.co/image/ab67616d00001e0221b550b66cf1391c6642088c
453,Budapest,George Ezra,folk,https://i.scdn.co/image/ab67616d00001e023a60095e50104070cc89ed9f
454,Orange Juice,Noah Kahan,folk,https://i.scdn.co/image/ab67616d00001e026ee35072df1af802cca09918
455,Porch Light,Noah Kahan,folk,https://i.scdn.co/image/ab67616d00001e02d879855b819250d3d00a1a38
456,Lighthouse,Noah Kahan,folk,https://i.scdn.co/image/ab67616d00001e02c39789e2dbdad5af5736e07a
457,Sister Golden Hair,America,folk,https://i.scdn.co/image/ab67616d00001e02865a956fe40cf54597e97fd2
458,Doors,Noah Kahan,folk,https://i.scdn.co/image/ab67616d00001e02c39789e2dbdad5af5736e07a
459,A Few Of Your Own,Noah Kahan,folk,https://i.scdn.co/image/ab67616d00001e02c39789e2dbdad5af5736e07a
460,Scared To Start,Michael Marcagi,folk,https://i.scdn.co/image/ab67616d00001e023b15ac45d0f9c29a0c8a2baa
461,Stubborn Love,The Lumineers,folk,https://i.scdn.co/image/ab67616d00001e02f350c13195ce048876b5fea4
462,Thinking 'bout You,STELLA LEFTY,folk,https://i.scdn.co/image/ab67616d00001e02939562361ea9d2b92e5ca214
463,Spring Into Summer,Lizzy McAlpine,folk,https://i.scdn.co/image/ab67616d00001e02ae8516f025f800e78b875d44
464,God Needs The Devil,Jonah Kagen,folk,https://i.scdn.co/image/ab67616d00001e02db34ae82285e3ed2ae1c309e
465,Little Talks,Of Monsters and Men,folk,https://i.scdn.co/image/ab67616d00001e02cb3f67e8026e2e493a1e8262
466,Dan,Noah Kahan,folk,https://i.scdn.co/image/ab67616d00001e02c39789e2dbdad5af5736e07a
467,Porch Light,Noah Kahan,folk,https://i.scdn.co/image/ab67616d00001e02c39789e2dbdad5af5736e07a
468,The Great Divide,Noah Kahan,folk,https://i.scdn.co/image/ab67616d00001e02c39789e2dbdad5af5736e07a
469,anything,Adrianne Lenker,folk,https://i.scdn.co/image/ab67616d00001e028ebe185fc4824bc6e568b511
470,Knockin' On Heaven's Door,Bob Dylan,folk,https://i.scdn.co/image/ab67616d00001e026c86683d20c72e3874c11c6d
471,Jersey Giant,Evan Honer,folk,https://i.scdn.co/image/ab67616d00001e02d12991800dac78791d63a899
472,White Blank Page,Mumford & Sons,folk,https://i.scdn.co/image/ab67616d00001e0207989cd8699c9aaa2c232d08
473,By and By,Caamp,folk,https://i.scdn.co/image/ab67616d00001e023e60bfe2ff29dcd844612063
474,All the Debts I Owe,Caamp,folk,https://i.scdn.co/image/ab67616d00001e024e5bdd992f106b27d82d50d1
475,Cleopatra,The Lumineers,folk,https://i.scdn.co/image/ab67616d00001e0221b550b66cf1391c6642088c
476,Bloom - Bonus Track,The Paper Kites,folk,https://i.scdn.co/image/ab67616d00001e0255bd9d9e0f50d28ddc9c1308
477,Dan,Noah Kahan,folk,https://i.scdn.co/image/ab67616d00001e02d879855b819250d3d00a1a38
478,Spoiled,Noah Kahan,folk,https://i.scdn.co/image/ab67616d00001e02c39789e2dbdad5af5736e07a
479,Riptide,Vance Joy,folk,https://i.scdn.co/image/ab67616d00001e02d3ce97395ff522b0d70c1094
480,Coastline,Hollow Coves,folk,https://i.scdn.co/image/ab67616d00001e022735fa941859fad0e5cc7460
481,Pink + White,Frank Ocean,soul,https://i.scdn.co/image/ab67616d00001e02c5649add07ed3720be9d5526
482,A Couple Minutes,Olivia Dean,soul,https://i.scdn.co/image/ab67616d00001e029a336bfb6d40bbd90a507417
483,Nice To Each Other,Olivia Dean,soul,https://i.scdn.co/image/ab67616d00001e02a9e75099d7065c71cc7ede72
484,Dive,Olivia Dean,soul,https://i.scdn.co/image/ab67616d00001e02cac9b52107643faf13a7587b
485,Put Your Records On,Corinne Bailey Rae,soul,https://i.scdn.co/image/ab67616d00001e021ec9b096319afbcc2dca6879
486,Ivy,Frank Ocean,soul,https://i.scdn.co/image/ab67616d00001e02c5649add07ed3720be9d5526
487,Lovely Day,Bill Withers,soul,https://i.scdn.co/image/ab67616d00001e0267c1113f55ab816ef61d3993
488,Valerie (feat. Amy Winehouse) - Version Revisited,Mark Ronson,soul,https://i.scdn.co/image/ab67616d00001e026a5beb0500ad6e3b0f7aea22
489,Baby Steps,Olivia Dean,soul,https://i.scdn.co/image/ab67616d00001e029a336bfb6d40bbd90a507417
490,Let Alone The One You Love,Olivia Dean,soul,https://i.scdn.co/image/ab67616d00001e029a336bfb6d40bbd90a507417
491,Ok Love You Bye,Olivia Dean,soul,https://i.scdn.co/image/ab67616d00001e02b05c07b076354a0542c92544
492,The Hardest Part,Olivia Dean,soul,https://i.scdn.co/image/ab67616d00001e02cac9b52107643faf13a7587b
493,Set Fire to the Rain,Adele,soul,https://i.scdn.co/image/ab67616d00001e027e7e5dd9d1ab19fcded8a17f
494,Come and See Me (feat. Drake),PARTYNEXTDOOR,soul,https://i.scdn.co/image/ab67616d00001e02240b49b7795e0611ccf416b7
495,Let Em' Know,Bryson Tiller,soul,https://i.scdn.co/image/ab67616d00001e028fbf8ef444a2b0acc6ee2faf
496,Easy,Commodores,soul,https://i.scdn.co/image/ab67616d00001e029d52169c3b609d4630e04433
497,Self Control,Frank Ocean,soul,https://i.scdn.co/image/ab67616d00001e02c5649add07ed3720be9d5526
498,Ain't No Sunshine,Bill Withers,soul,https://i.scdn.co/image/ab67616d00001e02f64b9ea8a8a409c6af86134f
499,Bad Dreams,Teddy Swims,soul,https://i.scdn.co/image/ab67616d00001e029164809630ef23eab60abaf0
500,I've Seen It,Olivia Dean,soul,https://i.scdn.co/image/ab67616d00001e029a336bfb6d40bbd90a507417
501,(Sittin' On) the Dock of the Bay - Mono,Otis Redding,soul,https://i.scdn.co/image/ab67616d00001e020acddc8ccf8d14858fbeddf5
502,Sorrows,Bryson Tiller,soul,https://i.scdn.co/image/ab67616d00001e028d586fabbd18826b7f4c936e
503,Ex-Factor,Ms. Lauryn Hill,soul,https://i.scdn.co/image/ab67616d00001e02e08b1250db5f75643f1508c9
504,River,Leon Bridges,soul,https://i.scdn.co/image/ab67616d00001e023921e3e980d81e65f259cc78
505,Will I See You Again?,Thee Sacred Souls,soul,https://i.scdn.co/image/ab67616d00001e02a6523c6cecb43b3c2f44fd1e
506,"Signed, Sealed, Delivered (I'm Yours)",Stevie Wonder,soul,https://i.scdn.co/image/ab67616d00001e026631eaa4a70b4884c0ef1a06
507,Reason To Stay,Olivia Dean,soul,https://i.scdn.co/image/ab67616d00001e02b05c07b076354a0542c92544
508,Let's Stay Together,Al Green,soul,https://i.scdn.co/image/ab67616d00001e02a1fc113a6858d0824d9aaf38
509,Distant Lover,Marvin Gaye,soul,https://i.scdn.co/image/ab67616d00001e02f8f0a26e4100c490bc384003
510,Coming Home,Leon Bridges,soul,https://i.scdn.co/image/ab67616d00001e023921e3e980d81e65f259cc78
511,Something Inbetween,Olivia Dean,soul,https://i.scdn.co/image/ab67616d00001e029a336bfb6d40bbd90a507417
512,ABC,The Jackson 5,soul,https://i.scdn.co/image/ab67616d00001e029df68560791d0b3dab491867
513,Those Years Are Over,The Sha La Das,soul,https://i.scdn.co/image/ab67616d00001e02ff8a3a7c710a30f4ccf2add3
514,Godspeed,Frank Ocean,soul,https://i.scdn.co/image/ab67616d00001e02c5649add07ed3720be9d5526
515,Can I Call You Rose?,Thee Sacred Souls,soul,https://i.scdn.co/image/ab67616d00001e024bc05e5b1e506a6acea17148
516,pure colour (feat. Erykah Badu),Steve Lacy,soul,https://i.scdn.co/image/ab67616d00001e024ea9ba86cd9506a004bab042
517,I'd Rather Go Blind,Etta James,soul,https://i.scdn.co/image/ab67616d00001e027649604d1b27be1c78c466e9
518,Lady Lady,Olivia Dean,soul,https://i.scdn.co/image/ab67616d00001e02567808375ab783974642afd0
519,Crack Rock,Frank Ocean,soul,https://i.scdn.co/image/ab67616d00001e027aede4855f6d0d738012e2e5
520,Superstition - Single Version,Stevie Wonder,soul,https://i.scdn.co/image/ab67616d00001e029e447b59bd3e2cbefaa31d91
521,Mister Pick up,Bo,hip-hop,https://i.scdn.co/image/ab67616d00001e02f15177a0fd0da53ad6ad2bd0
522,Open Chances,Quan Duke,hip-hop,https://i.scdn.co/image/ab67616d00001e02c9207fd3df64dce020cbd557
523,Year of the Dog,Katastrophe,hip-hop,https://i.scdn.co/image/ab67616d00001e024f7139e23f950842bdaf23ae
524,Introduction à un album fort sympathique,Bo,hip-hop,https://i.scdn.co/image/ab67616d00001e02f15177a0fd0da53ad6ad2bd0
525,Titi Katitira,Kracbone,hip-hop,https://i.scdn.co/image/ab67616d00001e025f6dad4dca150576aeacba7b
526,Long Game Short Life - Feat JD,Bo,hip-hop,https://i.scdn.co/image/ab67616d00001e0225ee35ee9d346b3ac773cb45
527,`t zal mich woorsj zien,Gaston,hip-hop,https://i.scdn.co/image/ab67616d00001e02cfb31415728108ffbb8ccba7
528,Streets On Locc (feat. Aktual),Rich The Factor,hip-hop,https://i.scdn.co/image/ab67616d00001e02a8a8b15726e1b07370cdbc47
529,HAIRCUT,AG Club,hip-hop,https://i.scdn.co/image/ab67616d00001e02ab36d54ab47d9c4c63b83e33
530,No Rules Interlude,Checkmate,hip-hop,https://i.scdn.co/image/ab67616d00001e02f89026216679494ade800e50
531,Dumbo Jet,Bo,hip-hop,https://i.scdn.co/image/ab67616d00001e02f15177a0fd0da53ad6ad2bd0
532,No Understandin',Bo,hip-hop,https://i.scdn.co/image/ab67616d00001e0225ee35ee9d346b3ac773cb45
533,"Ridin' Real - Feat Zone, Soldier, 350, Tra Ace, JD, Blitz, Tiffa",Bo,hip-hop,https://i.scdn.co/image/ab67616d00001e0225ee35ee9d346b3ac773cb45
534,Löwin,Jeans for Jesus,hip-hop,https://i.scdn.co/image/ab67616d00001e0296e6b5aba7b9d8eaa3ad0c52
535,Yes! - Torren Foot Remix,Citizen Kay,hip-hop,https://i.scdn.co/image/ab67616d00001e02d40595ff60699a0693e48700
536,Tigwilise Chikondi,DJ Mzenga Man,hip-hop,https://i.scdn.co/image/ab67616d00001e02fff8bbcb2062d3f5b8ae3570
537,For Pete's Sake,Spectacular Diagnostics,hip-hop,https://i.scdn.co/image/ab67616d00001e0279c577c2e7e1771495047c37
538,Räpp On Sitaks Lahe - Inztance Sitaks 140BPM Remix,Öökülm,hip-hop,https://i.scdn.co/image/ab67616d00001e02a99b148479e714a6072e23fe
539,Na Wake,DJ Mzenga Man,hip-hop,https://i.scdn.co/image/ab67616d00001e02fff8bbcb2062d3f5b8ae3570
540,Michael Haze - Dej Ten Kush,Vneumicky,hip-hop,https://i.scdn.co/image/ab67616d00001e02d20eee0f726cbe677ef83576
541,The March of the Dead,Bo,hip-hop,https://i.scdn.co/image/ab67616d00001e027ea39029c79e1fd44bf05092
542,The Social Hazard,BSTFRND,hip-hop,https://i.scdn.co/image/ab67616d00001e022626817017f629b4853ae379
543,Diamond Rings,Katastrophe,hip-hop,https://i.scdn.co/image/ab67616d00001e02d116c5f6313ca56cd98abcb6
544,Burn Out,Dem Atlas,hip-hop,https://i.scdn.co/image/ab67616d00001e02531320dedef672affd82e144
545,Worldwide,Ruffcoin,hip-hop,https://i.scdn.co/image/ab67616d00001e020f504a834086562568dc3ef4
546,Door Jou,Jairzinho,hip-hop,https://i.scdn.co/image/ab67616d00001e024390f22b67af5dbac87756bd
547,Das chunnt eus spanisch vor,Mundartisten,hip-hop,https://i.scdn.co/image/ab67616d00001e02ae1b7cced5e5862f78694db1
548,Mind Games,Tucker HD,hip-hop,https://i.scdn.co/image/ab67616d00001e02e20879050ec6e86fac0a0c21
549,Coffeee!!!,Oriole,hip-hop,https://i.scdn.co/image/ab67616d00001e02ff6d07950b11180b9bf6557a
550,Right Thing,AGE McSoul,hip-hop,https://i.scdn.co/image/ab67616d00001e02657ea14c54b26988e52d1ebe
551,"Watch Yo Self - Feat West 50 Niggas, Big O, Young Feddy",Bo,hip-hop,https://i.scdn.co/image/ab67616d00001e0225ee35ee9d346b3ac773cb45
552,"Skit - Feat 350, Big Blitz",Bo,hip-hop,https://i.scdn.co/image/ab67616d00001e0225ee35ee9d346b3ac773cb45
553,Sha La La,Bo,hip-hop,https://i.scdn.co/image/ab67616d00001e02f15177a0fd0da53ad6ad2bd0
554,Want You Forever,Benjahvites,hip-hop,https://i.scdn.co/image/ab67616d00001e02fe7a2685d7a47c3ac0850972
555,Horns Go Trap (Instrumental),Traphik,hip-hop,https://i.scdn.co/image/ab67616d00001e02bbce822325d7419bafdb1863
556,Let the Bass Kick,Checkmate,hip-hop,https://i.scdn.co/image/ab67616d00001e02724277bc64a16f3bd534d6b2
557,Slavin' in Captivity / Children of Zion,O S Z,hip-hop,https://i.scdn.co/image/ab67616d00001e020696ce510cb7a8dcb5ca0957
558,William,Spectacular Diagnostics,hip-hop,https://i.scdn.co/image/ab67616d00001e02467dd2b3d3c8eeb78b6bea0f
559,Driver,Chip Charlez,hip-hop,https://i.scdn.co/image/ab67616d00001e021762b7d2dadd0dbca40c4b14
560,Extralife,Mardn,hip-hop,https://i.scdn.co/image/ab67616d00001e02593e84e00aa2bcfcfc06a416
561,Amor,Emmanuel Cortes,latin,https://i.scdn.co/image/ab67616d00001e02c6c1db32c9b68f4659795763
562,Danza Kuduro,Don Omar,latin,https://i.scdn.co/image/ab67616d00001e024640a26eb27649006be29a94
563,COQUETA,Fuerza Regida,latin,https://i.scdn.co/image/ab67616d00001e0204874856f3c501181d060128
564,DtMF,Bad Bunny,latin,https://i.scdn.co/image/ab67616d00001e02bbd45c8d36e0e045ef640411
565,Marlboro Rojo,Fuerza Regida,latin,https://i.scdn.co/image/ab67616d00001e02a2e90fbdec84b25e46573469
566,NUEVAYoL,Bad Bunny,latin,https://i.scdn.co/image/ab67616d00001e02bbd45c8d36e0e045ef640411
567,Tití Me Preguntó,Bad Bunny,latin,https://i.scdn.co/image/ab67616d00001e0249d694203245f241a1bcaa72
568,BAILE INoLVIDABLE,Bad Bunny,latin,https://i.scdn.co/image/ab67616d00001e02bbd45c8d36e0e045ef640411
569,LA CANCIÓN,J Balvin,latin,https://i.scdn.co/image/ab67616d00001e024891d9b25d8919448388f3bb
570,EoO,Bad Bunny,latin,https://i.scdn.co/image/ab67616d00001e02bbd45c8d36e0e045ef640411
571,Nalguita y Teta,Neton Vega,latin,https://i.scdn.co/image/ab67616d00001e026b0c57d574fae5bbb4f3c8de
572,Desvelado,Bobby Pulido,latin,https://i.scdn.co/image/ab67616d00001e024d3284cb82010acda8f51ade
573,Gasolina,Daddy Yankee,latin,https://i.scdn.co/image/ab67616d00001e0211b9999b620ef9bc0e957623
574,ME JALO,Fuerza Regida,latin,https://i.scdn.co/image/ab67616d00001e0204874856f3c501181d060128
575,TU SANCHO,Fuerza Regida,latin,https://i.scdn.co/image/ab67616d00001e02a2e90fbdec84b25e46573469
576,daño,Peso Pluma,latin,https://i.scdn.co/image/ab67616d00001e02a9e6a250ea86a8f387873ef9
577,Dile,Don Omar,latin,https://i.scdn.co/image/ab67616d00001e02b4070df60fced11f282548d0
578,Si Antes Te Hubiera Conocido,KAROL G,latin,https://i.scdn.co/image/ab67616d00001e026c0294796e2ee5cf87a47b5f
579,VOY A LLeVARTE PA PR,Bad Bunny,latin,https://i.scdn.co/image/ab67616d00001e02bbd45c8d36e0e045ef640411
580,Qué Pasaría...,Rauw Alejandro,latin,https://i.scdn.co/image/ab67616d00001e02a6224f2f93c0ab4b2e01b44b
581,La Cheyenne,El De Las R's,latin,https://i.scdn.co/image/ab67616d00001e02c854354a13f74f7328aacc3b
582,Beretta (De Los Cerros La Escuela),El De Las R's,latin,https://i.scdn.co/image/ab67616d00001e02cac80f4d3ffa730d684c994f
583,Todo Lo Fue,Lenin Ramírez,latin,https://i.scdn.co/image/ab67616d00001e0234fc9cf3365e3e9d5f86ffe3
584,Y LLORO,Junior H,latin,https://i.scdn.co/image/ab67616d00001e02ef88ad49166e31598ff7d4d0
585,MONACO,Bad Bunny,latin,https://i.scdn.co/image/ab67616d00001e022ea1f035463d11e1fc3b193d
586,KOKO,Omar Courtz,latin,https://i.scdn.co/image/ab67616d00001e0290af5246adcaa93acb721c17
587,Me Porto Bonito,Bad Bunny,latin,https://i.scdn.co/image/ab67616d00001e0249d694203245f241a1bcaa72
588,MIENTRAS DUERMES,Junior H,latin,https://i.scdn.co/image/ab67616d00001e02ef88ad49166e31598ff7d4d0
589,Moscow Mule,Bad Bunny,latin,https://i.scdn.co/image/ab67616d00001e0249d694203245f241a1bcaa72
590,VeLDÁ,Bad Bunny,latin,https://i.scdn.co/image/ab67616d00001e02bbd45c8d36e0e045ef640411
591,Pvta Luna,Neton Vega,latin,https://i.scdn.co/image/ab67616d00001e020c3ba1d7cd1468c7e5a2ddda
592,ANSIEDAD,Fuerza Regida,latin,https://i.scdn.co/image/ab67616d00001e02a2e90fbdec84b25e46573469
593,Ya Borracho,Herencia De Grandes,latin,https://i.scdn.co/image/ab67616d00001e02595c866ba8d19bd9dd531bdc
594,Imitadora,Romeo Santos,latin,https://i.scdn.co/image/ab67616d00001e02a676aa01533e6cf5c40b99b6
595,Ojitos Lindos,Bad Bunny,latin,https://i.scdn.co/image/ab67616d00001e0249d694203245f241a1bcaa72
596,Es un Secreto,Plan B,latin,https://i.scdn.co/image/ab67616d00001e02ddc196bb4c3306560af82238
597,LAS NOCHES,Junior H,latin,https://i.scdn.co/image/ab67616d00001e02ef88ad49166e31598ff7d4d0
598,Dile Que Tu Me Quieres,Ozuna,latin,https://i.scdn.co/image/ab67616d00001e02b0a875d7f1bfe4ec4aaffa48
599,EL AMOR DE SU VIDA,Grupo Frontera,latin,https://i.scdn.co/image/ab67616d00001e0285970fcddb682441dfa7bcf7
600,KLOuFRENS,Bad Bunny,latin,https://i.scdn.co/image/ab67616d00001e02bbd45c8d36e0e045ef640411
601,Golden Brown - Slowed Down Version,The Stranglers,classical,https://i.scdn.co/image/ab67616d00001e020cf70d72827e4304c0e5a551
602,Harpy Hare,Yaelokre,classical,https://i.scdn.co/image/ab67616d00001e02e5c44b46a351eab8e42a6110
603,Sand Drawing,Judah Earl,classical,https://i.scdn.co/image/ab67616d00001e02bb8a8adccd91204a17f97aca
604,Golden Brown,The Stranglers,classical,https://i.scdn.co/image/ab67616d00001e020cf70d72827e4304c0e5a551
605,Army Dreamers,Kate Bush,classical,https://i.scdn.co/image/ab67616d00001e028135bea532f6949921a41d42
606,"Love is in the Air, Pt. 1",Rock Burwell,classical,https://i.scdn.co/image/ab67616d00001e02531d56638f62ec451862127e
607,Army Dreamers - 2018 Remaster,Kate Bush,classical,https://i.scdn.co/image/ab67616d00001e0222cd84bf3376a422b214cf60
608,"Soldier, Poet, King",The Oh Hellos,classical,https://i.scdn.co/image/ab67616d00001e0239521e60d8d11783d9f5e3b1
609,Golden Brown,The Stranglers,classical,https://i.scdn.co/image/ab67616d00001e0247066a9aac4e3493fe5b8677
610,"Suite bergamasque, L. 75: III. Clair de lune",Claude Debussy,classical,https://i.scdn.co/image/ab67616d00001e021277085743389aa91af6f39b
611,Solace,Txmy,classical,https://i.scdn.co/image/ab67616d00001e023dc9c5a16996de9e734b6221
612,Bear,Rock Burwell,classical,https://i.scdn.co/image/ab67616d00001e02531d56638f62ec451862127e
613,Can You Hear The Music,Ludwig Göransson,classical,https://i.scdn.co/image/ab67616d00001e02af634982d9b15de3c77f7dd9
614,Gymnopédie No. 1,Erik Satie,classical,https://i.scdn.co/image/ab67616d00001e020d3d783124fd96e37b6feee4
615,Holding Out For A Hero,Frou Frou,classical,https://i.scdn.co/image/ab67616d00001e02a895c616f899f06429bc8b4f
616,On the Nature of Daylight,Max Richter,classical,https://i.scdn.co/image/ab67616d00001e02e2821b1458ab996fdf2c47ad
617,"Piano Sonata No. 14 in C-Sharp Minor, Op. 27 No. 2 ""Moonlight"": I. Adagio sostenuto",Ludwig van Beethoven,classical,https://i.scdn.co/image/ab67616d00001e02e8580303c8c1e369c643fcb7
618,"Cello Suite No. 1 in G Major, BWV 1007: I. Prélude",Johann Sebastian Bach,classical,https://i.scdn.co/image/ab67616d00001e02261feb89ee859b598bd34a97
619,"The Carnival of the Animals, R. 125: XIII. The Swan",Camille Saint-Saëns,classical,https://i.scdn.co/image/ab67616d00001e020f554ebde761482faecb143a
620,Satie / Orch. Ducros: Gymnopédie No. 1,Erik Satie,classical,https://i.scdn.co/image/ab67616d00001e02b979534789eb6cdf38b9a1cf
621,Hide - Slow,Dorian Concept,classical,https://i.scdn.co/image/ab67616d00001e027287d566f5943d5cb65a0b92
622,"Love is in the Air, Pt. 2",Rock Burwell,classical,https://i.scdn.co/image/ab67616d00001e02531d56638f62ec451862127e
623,Clair de Lune,Johann Debussy,classical,https://i.scdn.co/image/ab67616d00001e02c21a36e9f0e28c8c60eb502a
624,"Tchaikovsky: Swan Lake, Op. 20, Act 2: No. 10, Scene. Moderato",Pyotr Ilyich Tchaikovsky,classical,https://i.scdn.co/image/ab67616d00001e021d9c6602aa95abd8c5b146da
625,Nuvole Bianche,Ludovico Einaudi,classical,https://i.scdn.co/image/ab67616d00001e024ea8c5801bfdf5ac90719400
626,Bear Mountain,Elois Jacq,classical,https://i.scdn.co/image/ab67616d00001e0296d7432314c889e0608b975a
627,Notturno for Strings and Harp,Arnold Schoenberg,classical,https://i.scdn.co/image/ab67616d00001e025d4b6fb03eb8ae5cdb53dc43
628,"Dolly Suite, Op. 56: I. Berceuse",Gabriel Fauré,classical,https://i.scdn.co/image/ab67616d00001e02704019bde42f2cc316edd621
629,"The Well-Tempered Clavier, Book 1: Prelude No. 1 in C Major, BWV 846/1",Johann Sebastian Bach,classical,https://i.scdn.co/image/ab67616d00001e0248123db379609d8d492f1686
630,"Kinderszenen, Op. 15: VII. Träumerei",Robert Schumann,classical,https://i.scdn.co/image/ab67616d00001e0235887a1c7edc3395cd8d5937
631,Sadeness,Enigma,classical,https://i.scdn.co/image/ab67616d00001e02251898236cf85ac01d71793a
632,The Water Is Fine,Chloe Ament,classical,https://i.scdn.co/image/ab67616d00001e02d249b9aae21d585ea84fa346
633,Dove - Doll Ver,antihoney,classical,https://i.scdn.co/image/ab67616d00001e02df3ea34476e8566e60991f3b
634,Lilith,Saint Avangeline,classical,https://i.scdn.co/image/ab67616d00001e0227b470ee2ad6b70fa4c73c34
635,Idea 15,Gibran Alcocer,classical,https://i.scdn.co/image/ab67616d00001e0240657df4ac026379cb47588e
636,Norvind,Waylen Orson,classical,https://i.scdn.co/image/ab67616d00001e02a417a8b325ee0370c5e5802c
637,Every Living Breathing Moment,Grant Steller,classical,https://i.scdn.co/image/ab67616d00001e02d79df22a63352fceaac60675
638,Wind Song,Ludovico Einaudi,classical,https://i.scdn.co/image/ab67616d00001e02408d7d006c76db07d50a7459
639,The Arts and the Hours,Jean-Philippe Rameau,classical,https://i.scdn.co/image/ab67616d00001e028b89acd4e16b979e0c9c12f1
640,Cavalleria rusticana: Intermezzo,Pietro Mascagni,classical,https://i.scdn.co/image/ab67616d00001e02db6efec5f2d0bd625ebb4285
641,King For A Day,Pierce The Veil,punk,https://i.scdn.co/image/ab67616d00001e02077cac00c2d9075e6f742570
642,My Own Worst Enemy,Lit,punk,https://i.scdn.co/image/ab67616d00001e027b40b2abdbcb8520874f29ed
643,Basket Case,Green Day,punk,https://i.scdn.co/image/ab67616d00001e02db89b08034de626ebee6823d
644,All The Small Things,blink-182,punk,https://i.scdn.co/image/ab67616d00001e026da502e35a7a3e48de2b0f74
645,"You're Gonna Go Far, Kid",The Offspring,punk,https://i.scdn.co/image/ab67616d00001e02890ce61533a89e00ce593fcb
646,"Sugar, We're Goin Down",Fall Out Boy,punk,https://i.scdn.co/image/ab67616d00001e0271565eda831124be86c603d5
647,Still into You,Paramore,punk,https://i.scdn.co/image/ab67616d00001e02532033d0d90736f661c13d35
648,The Middle,Jimmy Eat World,punk,https://i.scdn.co/image/ab67616d00001e0295d1d98c5176e4f982bd73d6
649,Misery Business,Paramore,punk,https://i.scdn.co/image/ab67616d00001e02bee754528c08d5ff6799a1eb
650,So Far So Fake,Pierce The Veil,punk,https://i.scdn.co/image/ab67616d00001e022846907b5152fb7dc38e450a
651,American Idiot,Green Day,punk,https://i.scdn.co/image/ab67616d00001e0208a1b1e0674086d3f1995e1b
652,The Kids Aren't Alright,The Offspring,punk,https://i.scdn.co/image/ab67616d00001e02cbd2ee7dff77bfb2b5f0af52
653,Teenagers,My Chemical Romance,punk,https://i.scdn.co/image/ab67616d00001e02663b6ce496144fa5c3670ac0
654,When I Come Around,Green Day,punk,https://i.scdn.co/image/ab67616d00001e02db89b08034de626ebee6823d
655,Ain't It Fun,Paramore,punk,https://i.scdn.co/image/ab67616d00001e02532033d0d90736f661c13d35
656,"Dance, Dance",Fall Out Boy,punk,https://i.scdn.co/image/ab67616d00001e0271565eda831124be86c603d5
657,Face Down,The Red Jumpsuit Apparatus,punk,https://i.scdn.co/image/ab67616d00001e02f98edbc89407338a90437d34
658,"Dear Maria, Count Me In",All Time Low,punk,https://i.scdn.co/image/ab67616d00001e02c8913cd7b91bb7f6bbbec305
659,Thnks fr th Mmrs,Fall Out Boy,punk,https://i.scdn.co/image/ab67616d00001e02da071ae7564949fbbfc6904d
660,Pretty Fly (For A White Guy),The Offspring,punk,https://i.scdn.co/image/ab67616d00001e02cbd2ee7dff77bfb2b5f0af52
661,Self Esteem,The Offspring,punk,https://i.scdn.co/image/ab67616d00001e020158cbde70672dd821972907
662,Scotty Doesn't Know,Lustra,punk,https://i.scdn.co/image/ab67616d00001e02ee515815329b81291adae0dd
663,Ocean Avenue,Yellowcard,punk,https://i.scdn.co/image/ab67616d00001e02d1fd8f264564d9eef7617a45
664,Wrong Way,Sublime,punk,https://i.scdn.co/image/ab67616d00001e028fc4b0dcfb9509553f195c85
665,Welcome to the Black Parade,My Chemical Romance,punk,https://i.scdn.co/image/ab67616d00001e02663b6ce496144fa5c3670ac0
666,Hard Times,Paramore,punk,https://i.scdn.co/image/ab67616d00001e02dbd83e179619408e5d05cc99
667,What's My Age Again?,blink-182,punk,https://i.scdn.co/image/ab67616d00001e026da502e35a7a3e48de2b0f74
668,Savior,Rise Against,punk,https://i.scdn.co/image/ab67616d00001e02eaa10fffa60de320846c28be
669,I Miss You,blink-182,punk,https://i.scdn.co/image/ab67616d00001e020a4ae12eb3a9fb7e3815001c
670,Immortals,Fall Out Boy,punk,https://i.scdn.co/image/ab67616d00001e023cf1c1dbcfa3f1ab7282719b
671,Deceptacon,Le Tigre,punk,https://i.scdn.co/image/ab67616d00001e025a89b59fec31efd8f780a6bb
672,A Match Into Water,Pierce The Veil,punk,https://i.scdn.co/image/ab67616d00001e02077cac00c2d9075e6f742570
673,Wet,Dazey and the Scouts,punk,https://i.scdn.co/image/ab67616d00001e02fd35290140eaceb7a48d89fa
674,Wake Me up When September Ends,Green Day,punk,https://i.scdn.co/image/ab67616d00001e0208a1b1e0674086d3f1995e1b
675,In Too Deep,Sum 41,punk,https://i.scdn.co/image/ab67616d00001e029a482180e6a306229bff49dc
676,Helena,My Chemical Romance,punk,https://i.scdn.co/image/ab67616d00001e02cab7ae4868e9f9ce6bdfdf43
677,The Anthem,Good Charlotte,punk,https://i.scdn.co/image/ab67616d00001e0283d6ab0b823bf7a56e4cd808
678,If You Can't Hang,Sleeping With Sirens,punk,https://i.scdn.co/image/ab67616d00001e02800934f8144df91dae16b6e4
679,I'm Not Okay (I Promise),My Chemical Romance,punk,https://i.scdn.co/image/ab67616d00001e02cab7ae4868e9f9ce6bdfdf43
680,My Songs Know What You Did In The Dark (Light Em Up),Fall Out Boy,punk,https://i.scdn.co/image/ab67616d00001e02483a98632e23f6d2623ab75c
681,(When You Gonna) Give It Up to Me - Radio Version,Sean Paul,reggae,https://i.scdn.co/image/ab67616d00001e020454a88d36d1467b39713a9b
682,Temperature,Sean Paul,reggae,https://i.scdn.co/image/ab67616d00001e0203e939084d57aba19eb19afb
683,Is This Love,Bob Marley & The Wailers,reggae,https://i.scdn.co/image/ab67616d00001e02387799441ba867649dfbb702
684,Could You Be Loved,Bob Marley & The Wailers,reggae,https://i.scdn.co/image/ab67616d00001e021c40418d1c37d727e8e91b04
685,Get Busy,Sean Paul,reggae,https://i.scdn.co/image/ab67616d00001e02b85a43ff52cecb0ab0a49677
686,Doin' Time,Sublime,reggae,https://i.scdn.co/image/ab67616d00001e028fc4b0dcfb9509553f195c85
687,Three Little Birds,Bob Marley & The Wailers,reggae,https://i.scdn.co/image/ab67616d00001e02d7f3e4d143c198d3542a775d
688,Badfish,Sublime,reggae,https://i.scdn.co/image/ab67616d00001e02d77299e3d29f44495cd7fbcb
689,Jamming,Bob Marley & The Wailers,reggae,https://i.scdn.co/image/ab67616d00001e02d7f3e4d143c198d3542a775d
690,SHAKE IT TO THE MAX (FLY) - REMIX,MOLIY,reggae,https://i.scdn.co/image/ab67616d00001e020069ee4e37f913fb1653b389
691,Bam Bam,Sister Nancy,reggae,https://i.scdn.co/image/ab67616d00001e02b9912837ccb3d87d9158bb1f
692,Red Red Wine,UB40,reggae,https://i.scdn.co/image/ab67616d00001e02f1dd69d7399290cc25324706
693,One Love / People Get Ready,Bob Marley & The Wailers,reggae,https://i.scdn.co/image/ab67616d00001e02d7f3e4d143c198d3542a775d
694,Caress Me Down,Sublime,reggae,https://i.scdn.co/image/ab67616d00001e028fc4b0dcfb9509553f195c85
695,Edge of the Ocean,Stick Figure,reggae,https://i.scdn.co/image/ab67616d00001e029550e26961358efe32cd89ac
696,Smoke Two Joints,Sublime,reggae,https://i.scdn.co/image/ab67616d00001e02d77299e3d29f44495cd7fbcb
697,The Impression That I Get,The Mighty Mighty Bosstones,reggae,https://i.scdn.co/image/ab67616d00001e0270f9552f4e3fa939cf26a78e
698,"Baby, I Love Your Way",Big Mountain,reggae,https://i.scdn.co/image/ab67616d00001e0219ffd46baee165d6b42b7810
699,Closer to the Sun,Slightly Stoopid,reggae,https://i.scdn.co/image/ab67616d00001e026d07ac77f37c4e83f2d19972
700,Pacific Coast Highway (with Trevor Hall) - Reggae Remix,The Hip Abduction,reggae,https://i.scdn.co/image/ab67616d00001e024e5bca0692a7fefa243c9166
701,Welcome To Jamrock,Damian Marley,reggae,https://i.scdn.co/image/ab67616d00001e02569c9bd53261cc7313fbc7bd
702,Natural Mystic,Bob Marley & The Wailers,reggae,https://i.scdn.co/image/ab67616d00001e02d7f3e4d143c198d3542a775d
703,Murder She Wrote,Chaka Demus & Pliers,reggae,https://i.scdn.co/image/ab67616d00001e026ede9997b1c47f6891a25671
704,Bowl For Two,The Expendables,reggae,https://i.scdn.co/image/ab67616d00001e022943f5555a1b5b0899dac879
705,Love Song,311,reggae,https://i.scdn.co/image/ab67616d00001e0262d0614b5dffca14a302b427
706,Buffalo Soldier,Bob Marley & The Wailers,reggae,https://i.scdn.co/image/ab67616d00001e027e0b5fe0454234229e52a491
707,Waiting For My Ruca,Sublime,reggae,https://i.scdn.co/image/ab67616d00001e02d77299e3d29f44495cd7fbcb
708,Waiting In Vain,Bob Marley & The Wailers,reggae,https://i.scdn.co/image/ab67616d00001e02d7f3e4d143c198d3542a775d
709,2am,Slightly Stoopid,reggae,https://i.scdn.co/image/ab67616d00001e02dc1886ac54cb45a8843404d7
710,Vacation,Dirty Heads,reggae,https://i.scdn.co/image/ab67616d00001e02f2a8c3002fa1a8fea2673a1c
711,Go Down Deh (feat. Sean Paul & Shaggy),Spice,reggae,https://i.scdn.co/image/ab67616d00001e026973778faf706beaab76609c
712,What a Feeling,Stick Figure,reggae,https://i.scdn.co/image/ab67616d00001e028b3badfaabf25097cc386832
713,I'm Still in Love with You (feat. Sasha),Sean Paul,reggae,https://i.scdn.co/image/ab67616d00001e02b85a43ff52cecb0ab0a49677
714,Summer Nights,Iration,reggae,https://i.scdn.co/image/ab67616d00001e02a6fa12933853bd89255acb9d
715,World on Fire (feat. Slightly Stoopid),Stick Figure,reggae,https://i.scdn.co/image/ab67616d00001e02069a434e32ddf15c11428771
716,Shine,Stick Figure,reggae,https://i.scdn.co/image/ab67616d00001e02069a434e32ddf15c11428771
717,Sound of the Sea,Stick Figure,reggae,https://i.scdn.co/image/ab67616d00001e0228292b2539f0ed722e58aa63
718,Jump in the Line,Harry Belafonte,reggae,https://i.scdn.co/image/ab67616d00001e02fcda75d554e8506cbc68f730
719,Sweat (A La La La La Long),Inner Circle,reggae,https://i.scdn.co/image/ab67616d00001e029d17f31f7b76ad8ec88a4417
720,Praise Jah In The Moonlight,YG Marley,reggae,https://i.scdn.co/image/ab67616d00001e02e64dfe3a0308d716878ce464
721,Sweet Rose,Lincoln Swanzy,blues,https://i.scdn.co/image/ab67616d00001e021766d802624aa1a965ef059f
722,Keep The Wolves Away,Uncle Lucius,blues,https://i.scdn.co/image/ab67616d00001e02e074af9f5663eda06c5341ac
723,Indigo (feat. Avery Anna),Sam Barber,blues,https://i.scdn.co/image/ab67616d00001e02294c76aa576e98529e4a3bb2
724,Plastic Cigarette,Zach Bryan,blues,https://i.scdn.co/image/ab67616d00001e026addb951ebfd51d72b42123f
725,I'm Still Fine,The Red Clay Strays,blues,https://i.scdn.co/image/ab67616d00001e02cb058dd5b85ac743f633fbbd
726,Wanna Be Loved,The Red Clay Strays,blues,https://i.scdn.co/image/ab67616d00001e02cb058dd5b85ac743f633fbbd
727,Save Me,Jelly Roll,blues,https://i.scdn.co/image/ab67616d00001e0268079dce3ee5ae37958f2fab
728,Rich Men North of Richmond,Oliver Anthony Music,blues,https://i.scdn.co/image/ab67616d00001e02f842f028c8716c62bbd7c57a
729,Man of the Year,Sam Barber,blues,https://i.scdn.co/image/ab67616d00001e026b870e7ead0ee8416f2a457b
730,Hurricane,The Band Of Heathens,blues,https://i.scdn.co/image/ab67616d00001e02c52add1e13e70e5b6ca8ab66
731,Arkansas Diamond,Waylon Wyatt,blues,https://i.scdn.co/image/ab67616d00001e024c84cac53ccab98aa34e652e
732,The More I Hope,Sam Barber,blues,https://i.scdn.co/image/ab67616d00001e023d49234ac727772bab9e68d0
733,Restless Mind (feat. Avery Anna),Sam Barber,blues,https://i.scdn.co/image/ab67616d00001e02294c76aa576e98529e4a3bb2
734,A Lot More Free,Max McNown,blues,https://i.scdn.co/image/ab67616d00001e02247ffb1f0954456059b8e0c9
735,Black Creek,Brent Cobb,blues,https://i.scdn.co/image/ab67616d00001e024908bb88d2a2800baa13d16a
736,Drowning,The Red Clay Strays,blues,https://i.scdn.co/image/ab67616d00001e02cb058dd5b85ac743f633fbbd
737,P.O.S.,Noah Brigden,blues,https://i.scdn.co/image/ab67616d00001e02685fb3f44558a672a744ac77
738,Dancing in the Sky,Sam Barber,blues,https://i.scdn.co/image/ab67616d00001e0256c68ba342715b4a34435487
739,Jailbreak,Waylon Wyatt,blues,https://i.scdn.co/image/ab67616d00001e02a0626815281792f1ee459c48
740,River Washed Hair,Zach Bryan,blues,https://i.scdn.co/image/ab67616d00001e026408595a62639bbe6d040675
741,Let You Down,Ole 60,blues,https://i.scdn.co/image/ab67616d00001e020a7fa41dbcbab9c4674883bb
742,Cold,Chris Stapleton,blues,https://i.scdn.co/image/ab67616d00001e029408342067e2ff50d69a3c98
743,Stone's Throw,The Red Clay Strays,blues,https://i.scdn.co/image/ab67616d00001e0203fd430cb92bf7c49183ab6f
744,Quitter,Cameron Whitcomb,blues,https://i.scdn.co/image/ab67616d00001e0272eb0e312f95b00c528a91c3
745,Beautiful Lies (feat. Ella Langley),Tanner Usrey,blues,https://i.scdn.co/image/ab67616d00001e028501c7c95e0d71c647bba5ec
746,I Was Wrong,Chris Stapleton,blues,https://i.scdn.co/image/ab67616d00001e026b3e3357c9192722c1236b49
747,Say the Word,Ole 60,blues,https://i.scdn.co/image/ab67616d00001e020a7fa41dbcbab9c4674883bb
748,Everlasting Lover,49 Winchester,blues,https://i.scdn.co/image/ab67616d00001e0285c7cfedf5d14dda7ef23257
749,O.D.,Waylon Wyatt,blues,https://i.scdn.co/image/ab67616d00001e024c84cac53ccab98aa34e652e
750,Everything Under The Sun,Waylon Wyatt,blues,https://i.scdn.co/image/ab67616d00001e024c84cac53ccab98aa34e652e
751,You Here Tonight,Josh Meloy,blues,https://i.scdn.co/image/ab67616d00001e02c23c3076437a7eccbf81ce6f
752,Hanging on Hope,Buffalo Traffic Jam,blues,https://i.scdn.co/image/ab67616d00001e02cac1d630001280984d461f00
753,High Road,Zach Bryan,blues,https://i.scdn.co/image/ab67616d00001e02dd6017758f62d30fa47db334
754,Maggie's Song,Chris Stapleton,blues,https://i.scdn.co/image/ab67616d00001e029408342067e2ff50d69a3c98
755,The Way Back,Zach Bryan,blues,https://i.scdn.co/image/ab67616d00001e022bcbc6c38c3e8a35b32223c2
756,Sweet Symphony (feat. Chris Stapleton),Joy Oladokun,blues,https://i.scdn.co/image/ab67616d00001e0251ae6d228814681ba1e83c23
757,The Hard Way,Cameron Whitcomb,blues,https://i.scdn.co/image/ab67616d00001e0272eb0e312f95b00c528a91c3
758,Scornful Woman,Oliver Anthony Music,blues,https://i.scdn.co/image/ab67616d00001e02f5ee979efe6166b3b1dfdd5c
759,Your Whereabouts,Waylon Wyatt,blues,https://i.scdn.co/image/ab67616d00001e024c84cac53ccab98aa34e652e
760,Whitehouse Road (OurVinyl Sessions),Tyler Childers,blues,https://i.scdn.co/image/ab67616d00001e02ab7a2287bd2c3b20b27e4342
761,All Because Of You,Commissioned,gospel,https://i.scdn.co/image/ab67616d00001e02742eac9e3820523c57ba0de1
762,Var det livet,Cilla Hector,gospel,https://i.scdn.co/image/ab67616d00001e021ce2adb1e75be2a433f760bc
763,Corona,Pastor T,gospel,https://i.scdn.co/image/ab67616d00001e023c1b59501a6b9d0d20a1373e
764,Estou Caminhando - Play Back,Denise,gospel,https://i.scdn.co/image/ab67616d00001e02b65d22c5042253d41a3898d4
765,I Wanna Be the Only One,Bebe Winans,gospel,https://i.scdn.co/image/ab67616d00001e02cedb0218adfe3f982cf69b7d
766,When You Ask A Girl To Leave Her Happy Home,Da Costa Woltz's Southern Broadcasters,gospel,https://i.scdn.co/image/ab67616d00001e02756e33b7a43b93c3e47003f7
767,Louis le cancre,Eden,gospel,https://i.scdn.co/image/ab67616d00001e02f3c676da1de5f83b5cbbfd95
768,You Can Tell The World About This,Gerry Thompson,gospel,https://i.scdn.co/image/ab67616d00001e0251d9710dd24d88dcf1beaddc
769,Intore,Uyisenga Collective,gospel,https://i.scdn.co/image/ab67616d00001e022a38b254a947971d20e1235f
770,Bad Romance,La Denise,gospel,https://i.scdn.co/image/ab67616d00001e02178d1020a8345ea980b50711
771,Musikkprogrammer for PC/Mac – 3,Martin Alfsen,gospel,https://i.scdn.co/image/ab67616d00001e02cd189586e5fe1661e93b8490
772,Even Now - 2001,Signature Sound,gospel,https://i.scdn.co/image/ab67616d00001e0243540712946f206fe5dd55be
773,Louvai a Deus - Play Back,Denise,gospel,https://i.scdn.co/image/ab67616d00001e02ac381eb73e2a3ecb8b018bd8
774,Hennes Sang,Hans-Inge Fagervik,gospel,https://i.scdn.co/image/ab67616d00001e02205f2f4c35a726ba5972c176
775,Alt Var Mykje Enklare Før,Bjarte Leithaug,gospel,https://i.scdn.co/image/ab67616d00001e026043a22afb33e7ea491bfcc6
776,Nairobi Bomb Blast,Njoroge Ngari,gospel,https://i.scdn.co/image/ab67616d00001e024d1cfd07e526beecad7d1522
777,Care for You,Bjørn Aslaksen,gospel,https://i.scdn.co/image/ab67616d00001e02c3ce2fb40b5e43ba41b54fbd
778,Vår i Europa,Ivar Skippervold,gospel,https://i.scdn.co/image/ab67616d00001e022e9427d68cefe423d02dc734
779,Tålmodig,Jan Groth,gospel,https://i.scdn.co/image/ab67616d00001e027ec75a610e7571d3cf0f14c6
780,Abertura,Gisele Nascimento,gospel,https://i.scdn.co/image/ab67616d00001e0218773ca6b538b89f424ae817
781,Stuur Groete aan Mannetjies Roux,Trevor Nasser,gospel,https://i.scdn.co/image/ab67616d00001e025432869ea811897346d10756
782,Gud gör mig till ett litet ljus,Torkel Selin,gospel,https://i.scdn.co/image/ab67616d00001e02cc88ac6ef33600fffb5d5818
783,Antioch,Allison's Sacred Harp Singers,gospel,https://i.scdn.co/image/ab67616d00001e0290b14e72bde927a7a7c7779c
784,Texte: L'humilité,Jeunesse en Mission,gospel,https://i.scdn.co/image/ab67616d00001e02e3af2b1b67d3ac19452c8bae
785,Urabikwiye,Uyisenga Collective,gospel,https://i.scdn.co/image/ab67616d00001e02e0b503092a67b1988a760c5c
786,Zar Ne Vidiš,Denise,gospel,https://i.scdn.co/image/ab67616d00001e02868ce071c717ff8ca974cd6f
787,With Love With Care With You,Otis G Johnson,gospel,https://i.scdn.co/image/ab67616d00001e02524eba1541fc8ed6c83d9e44
788,PSA,Danico,gospel,https://i.scdn.co/image/ab67616d00001e023e98286b883598413a1b0f93
789,Forgive Me,Hans-Inge Fagervik,gospel,https://i.scdn.co/image/ab67616d00001e020d0c60d1f15552387be98e34
790,"Roberval, o Sapo - Play Back",Maurão,gospel,https://i.scdn.co/image/ab67616d00001e028a3b6f9ab5b60b9e505c7884
791,I Wanna Be the Only One,Bebe Winans,gospel,https://i.scdn.co/image/ab67616d00001e024363feb34188df4d642071e7
792,Gomorron Gud,Torkel Selin,gospel,https://i.scdn.co/image/ab67616d00001e02cc88ac6ef33600fffb5d5818
793,Change the Bombs for Bread,Mia Marianne & Per Filip,gospel,https://i.scdn.co/image/ab67616d00001e02534f73c54551baa3a41fa3f1
794,Det E'kje Bagateller,Bjarte Leithaug,gospel,https://i.scdn.co/image/ab67616d00001e026043a22afb33e7ea491bfcc6
795,Eu Vou Falar - Play Back,Denise,gospel,https://i.scdn.co/image/ab67616d00001e02856c9093089544a42405dd5f
796,O glede stor som Herren gir,Mons Leidvin Takle,gospel,https://i.scdn.co/image/ab67616d00001e0209cbc644b6ddeb5eda03b0c9
797,Não Importa o Que Passou - Play Back,Denise,gospel,https://i.scdn.co/image/ab67616d00001e02ac381eb73e2a3ecb8b018bd8
798,Aftonklockor,Mia Marianne & Per Filip,gospel,https://i.scdn.co/image/ab67616d00001e0222cf05c9c93802af8abe6c3a
799,Vinkruset,Gunstein Draugedalen,gospel,https://i.scdn.co/image/ab67616d00001e029b39dd0e30e2d1cb537b22d8
800,Maica Ni Rugendo,Njoroge Ngari,gospel,https://i.scdn.co/image/ab67616d00001e024d1cfd07e526beecad7d1522
801,Rebenım,Hozan Şervan,k-pop,https://i.scdn.co/image/ab67616d00001e02609f4bfe93ee9fc008efeaee
802,Na Mynsien,Gracyl Ropmay,k-pop,https://i.scdn.co/image/ab67616d00001e025f58dd965c1a51e5ee1cb075
803,Sahibo - Instrumental,Owais Bhatt,k-pop,https://i.scdn.co/image/ab67616d00001e0206f1b625a3ea459a6d68dba6
804,Dalmacijo lipa,Tomislav Bralic,k-pop,https://i.scdn.co/image/ab67616d00001e02f74990b38e586cd0e254d517
805,Kuro Nîna,Deniz Deman,k-pop,https://i.scdn.co/image/ab67616d00001e02f1ad78625669f0ca29bc9992
806,The Horizon Is Silent,Lee Mi Ja,k-pop,https://i.scdn.co/image/ab67616d00001e02d07bd78b971b357cc60bca74
807,My Dear Love,Lee Mi Ja,k-pop,https://i.scdn.co/image/ab67616d00001e0289f84dc4533f1e4707ed2d93
808,До встречи,Valeriya,k-pop,https://i.scdn.co/image/ab67616d00001e028174aead65bd81366fc8da78
809,"Bože, Čuvaj Hrvatsku",Đani Maršan,k-pop,https://i.scdn.co/image/ab67616d00001e02e9a5a18ad3bf037c2e64626e
810,Kraj Tvoje Duše Moje,Tedi Spalato,k-pop,https://i.scdn.co/image/ab67616d00001e0210d2098236a891184b855bc7
811,Woman's Life,Lee Mi Ja,k-pop,https://i.scdn.co/image/ab67616d00001e02e832a84074ac338693cadffd
812,Jabo Aami Sosur Ghor,Bibhash,k-pop,https://i.scdn.co/image/ab67616d00001e02270ddca786dcf61ea936590d
813,Šalturice Mala,Klapa Cambi,k-pop,https://i.scdn.co/image/ab67616d00001e0261b1a542f28a9a11ced76c2e
814,Gimpo Is a Port (From TBC Drama Series),Lee Mi Ja,k-pop,https://i.scdn.co/image/ab67616d00001e02b7d1e0d75bc4a6b746fbfe27
815,Plači Kad Nikoga Nema,Đani Maršan,k-pop,https://i.scdn.co/image/ab67616d00001e0248e5144395c7886044f001eb
816,Судьба,Король Лир,k-pop,https://i.scdn.co/image/ab67616d00001e02d9545be5a04d11a70fbfca4c
817,Na kraju sna - Live,Klapa Iskon,k-pop,https://i.scdn.co/image/ab67616d00001e02401e1d71ab8b3f75a54ba04d
818,Take You High,Dj Wanshan,k-pop,https://i.scdn.co/image/ab67616d00001e02f7ce30b3881c79a2001bb836
819,Suga Re Suga 2.0,Milan Das,k-pop,https://i.scdn.co/image/ab67616d00001e02f6d0e923218b8ed220e6556f
820,We Need to Be the Change,Summersalt,k-pop,https://i.scdn.co/image/ab67616d00001e02ba6e52f2c0ceff548f4f27c1
821,Tears Shed In Mokpo,Lee Mi Ja,k-pop,https://i.scdn.co/image/ab67616d00001e02aeca843723b5f175244b4b88
822,Molitva za ravnicu,Klapa Sveti Juraj HRM,k-pop,https://i.scdn.co/image/ab67616d00001e02a56ccd742a4c869349922287
823,I'm Not Ready (Sped Up),Eh Plo,k-pop,https://i.scdn.co/image/ab67616d00001e021c964d83d10906f5e3acfaf2
824,Human Touch,Boombastic,k-pop,https://i.scdn.co/image/ab67616d00001e023a5eaaab23dccaf5501ead18
825,Addio Bella,Jasna Zlokic,k-pop,https://i.scdn.co/image/ab67616d00001e02475b86c751008a0c4089edac
826,Dashuria Nuk Mësohet Në Libra,Ermal Fejzullahu,k-pop,https://i.scdn.co/image/ab67616d00001e027d46fc5f2d58367109346fc9
827,FARQIN AZAD bukame çi hêjaye,Farqin Azad,k-pop,https://i.scdn.co/image/ab67616d00001e02a90c0997087a2da26c9e080f
828,Nuk Mund Të Të Fal,Ermal Fejzullahu,k-pop,https://i.scdn.co/image/ab67616d00001e0256796802bfd45bef45dd4642
829,"Brodarice, Triba Navigat",Klapa Maslina,k-pop,https://i.scdn.co/image/ab67616d00001e02f44f4b8322dc75b6a64e020f
830,Yeh Mujhe Kya Hua,Lalitya Munshaw,k-pop,https://i.scdn.co/image/ab67616d00001e02bbd1ffd7cf9f231547342985
831,On A Glorious Night,Lee Mi Ja,k-pop,https://i.scdn.co/image/ab67616d00001e02c741ce500e04aaf1b24e72d0
832,To the Country of Happiness,Wi Il Cheong,k-pop,https://i.scdn.co/image/ab67616d00001e028510643c2d056baf56044228
833,Заземление,Abyken,k-pop,https://i.scdn.co/image/ab67616d00001e02c2c9ba7e95b238154430968d
834,Tribe Folk 2.0,Usha Negi,k-pop,https://i.scdn.co/image/ab67616d00001e02e3c900a44b861e77337e8b78
835,More i ona,Klapa Kampanel,k-pop,https://i.scdn.co/image/ab67616d00001e020c1f019305b4501279a6a2c8
836,INTRO,Abyken,k-pop,https://i.scdn.co/image/ab67616d00001e02c2c9ba7e95b238154430968d
837,To Xerosteriano Nero,Nikos Xilouris,k-pop,https://i.scdn.co/image/ab67616d00001e0294d0695c7a01af31c8a27214
838,We Didn't Know,Boombastic,k-pop,https://i.scdn.co/image/ab67616d00001e029e7885f3c85b880fee6db748
839,Mama (Mesam),Jasna Zlokic,k-pop,https://i.scdn.co/image/ab67616d00001e0203b3f1d78f5d403a17e04cb2
840,Дома,Aidar BMM,k-pop,https://i.scdn.co/image/ab67616d00001e022233346a842e84da090fcfbb
841,When the Day Comes,Nico & Vinz,afrobeats,https://i.scdn.co/image/ab67616d00001e021528d0868124bbef110b9317
842,Am I Wrong,Nico & Vinz,afrobeats,https://i.scdn.co/image/ab67616d00001e0225c439e7eb6a1e1d8f7a3bd7
843,Am I Wrong,Nico & Vinz,afrobeats,https://i.scdn.co/image/ab67616d00001e0290bf122c9092c19436dad19c
844,Am I Wrong,Nico & Vinz,afrobeats,https://i.scdn.co/image/ab67616d00001e0250397326b3486aba95e09bcd
845,Am I Wrong,Nico & Vinz,afrobeats,https://i.scdn.co/image/ab67616d00001e02cd3ffb6857ebd228e36dade7
846,Cheeii,Dremo,afrobeats,https://i.scdn.co/image/ab67616d00001e02c835a0e8a208dda544c1941b
847,Jahova,Daddy Showkey,afrobeats,
848,If To Say Ft Ikechukwu,Sound Sultan,afrobeats,https://i.scdn.co/image/ab67616d00001e029d2f9ea423ab6de043a78f65
849,Halelluya,Lord Of Ajasa,afrobeats,https://i.scdn.co/image/ab67616d00001e02b37b51142024c4714daa92e8
850,Hustle,Durella,afrobeats,https://i.scdn.co/image/ab67616d00001e025f6016e52ee309576a09f579
851,Am I Wrong,Nico & Vinz,afrobeats,https://i.scdn.co/image/ab67616d00001e02208e3bc20cd14e06e422c2bd
852,Am I Wrong,Nico & Vinz,afrobeats,https://i.scdn.co/image/ab67616d00001e02613934eac020239d662532e4
853,Am I Wrong,Nico & Vinz,afrobeats,https://i.scdn.co/image/ab67616d00001e02612a5b30c13103585fefeed2
854,Am I Wrong,Nico & Vinz,afrobeats,https://i.scdn.co/image/ab67616d00001e027803ff55113d902232210ccb
855,Am I Wrong,Nico & Vinz,afrobeats,https://i.scdn.co/image/ab67616d00001e02da50e42206e84ff514f535b9
856,Am I Wrong,Nico & Vinz,afrobeats,https://i.scdn.co/image/ab67616d00001e0291502eb7d7277c3a1c043358
857,You Are,Djinee,afrobeats,https://i.scdn.co/image/ab67616d00001e022315b2d5c87a7f7091747340
858,Binu Men,Eedris Abdulkareem,afrobeats,https://i.scdn.co/image/ab67616d00001e0225f2dda42d9cdd899af3c791
859,Welcome,Daddy Showkey,afrobeats,
860,"Omoge (feat. Pype, Ghetto P & Iceberg Slim)",Sauce Kid,afrobeats,https://i.scdn.co/image/ab67616d00001e028dca37b6b28f00825d2fa20f
861,Am I Wrong,Nico & Vinz,afrobeats,https://i.scdn.co/image/ab67616d00001e02a1b8f5114ff25acf7247bc2c
862,Am I Wrong,Nico & Vinz,afrobeats,https://i.scdn.co/image/ab67616d00001e02e67597ad070fc9d0366fea32
863,Body Dey Do Me,African China,afrobeats,https://i.scdn.co/image/ab67616d00001e0222e8dde2eee9e77c7415b727
864,Say No,Eedris Abdulkareem,afrobeats,https://i.scdn.co/image/ab67616d00001e02a3280ef9048ccc5b3be097e8
865,Mr Lecturer - Kennis Music's Los Angeles Remix,Eedris Abdulkareem,afrobeats,https://i.scdn.co/image/ab67616d00001e020bccbfb53cee68941da0ddf7
866,Love Mata,African China,afrobeats,https://i.scdn.co/image/ab67616d00001e02574c52b74149cd05b61b9de9
867,Omo Ja Jo Sere,Lord Of Ajasa,afrobeats,https://i.scdn.co/image/ab67616d00001e02cda911ba9a6aaafeab7e776c
868,Africa,African China,afrobeats,https://i.scdn.co/image/ab67616d00001e02725e3a4dc3c7f64adf1ebdae
869,Endondemadt,Sauce Kid,afrobeats,https://i.scdn.co/image/ab67616d00001e028dca37b6b28f00825d2fa20f
870,Halelluya,Lord Of Ajasa,afrobeats,https://i.scdn.co/image/ab67616d00001e0270c360940d3961120707697a
871,Am I Wrong,Nico & Vinz,afrobeats,https://i.scdn.co/image/ab67616d00001e02c60b9e5ba61592d78eac6a88
872,Am I Wrong,Nico & Vinz,afrobeats,https://i.scdn.co/image/ab67616d00001e0278d1199978702b6e5168561f
873,Am I Wrong,Nico & Vinz,afrobeats,https://i.scdn.co/image/ab67616d00001e021482d203ffc221a312dad263
874,Am I Wrong,Nico & Vinz,afrobeats,https://i.scdn.co/image/ab67616d00001e0217a627c251cddf42f1b993ec
875,Ride or Die,Djinee,afrobeats,https://i.scdn.co/image/ab67616d00001e022315b2d5c87a7f7091747340
876,Mother's Tribute,African China,afrobeats,https://i.scdn.co/image/ab67616d00001e0222e8dde2eee9e77c7415b727
877,Mi Name,African China,afrobeats,https://i.scdn.co/image/ab67616d00001e02554eecc966ac48230e5f0d51
878,Campus,Eedris Abdulkareem,afrobeats,https://i.scdn.co/image/ab67616d00001e0248c0277609a40af45cae2821
879,Stay,Djinee,afrobeats,https://i.scdn.co/image/ab67616d00001e022315b2d5c87a7f7091747340
880,Skit,Lord Of Ajasa,afrobeats,https://i.scdn.co/image/ab67616d00001e02ba786ba2e95e0af6d8a16b48
881,Mama Laudaaa,Partynator,disco,https://i.scdn.co/image/ab67616d00001e02f6e41f49269aa142af074729
882,Schatzi schenk mir ein Foto - Radio Version,Alpenkölsch,disco,https://i.scdn.co/image/ab67616d00001e02926a9ee4cf35afc8d6cf7c65
883,Na Na Hey Hey Kiss Him Goodbye - Fußball Version,Schnitte,disco,https://i.scdn.co/image/ab67616d00001e02926a9ee4cf35afc8d6cf7c65
884,Jetzt ist der Teufel los - Bodensee Version,Tobee,disco,https://i.scdn.co/image/ab67616d00001e023cff8ce07aed98afe7d0f775
885,"Uschi, Otze, Erna (Wir feiern auch mit Werner)",Andy Luxx,disco,https://i.scdn.co/image/ab67616d00001e0237e3b53a41be564cf0726732
886,Sünderlein,Kärneväl,disco,https://i.scdn.co/image/ab67616d00001e02c07994c2d5cc1357922f800f
887,Ohne Wurst und ohne Speck,Schäfer Heinrich,disco,https://i.scdn.co/image/ab67616d00001e02eab9dadf118e59570f43deda
888,Auf Amrum steht ein Lamm rum - FloorEnce Club Mix,Schäfer Heinrich,disco,https://i.scdn.co/image/ab67616d00001e0248a64d3b3ac1f14ed9cc00de
889,Bobfahrerlied - Linkskurve - Rechtskurve - Ziel - Mix,Silvia Kaufmann,disco,https://i.scdn.co/image/ab67616d00001e02845b590d8fbe1f5cf9362152
890,"Theo, wir fahr'n nach Lodz",Lollies,disco,https://i.scdn.co/image/ab67616d00001e023efd2dd4256a62793dfeefd6
891,Arsch Im Schnee - Skihütten Mix,Lollies,disco,https://i.scdn.co/image/ab67616d00001e0224242c1f0d6eebf22232e148
892,Hände Hu,Alpenkölsch,disco,https://i.scdn.co/image/ab67616d00001e02926a9ee4cf35afc8d6cf7c65
893,Taxi in die Berge,Aleks Schmidt,disco,https://i.scdn.co/image/ab67616d00001e02d2f128c56d28a5c71519640f
894,Heute haun wir auf die Pauke - Radio Version,Schnitte,disco,https://i.scdn.co/image/ab67616d00001e02926a9ee4cf35afc8d6cf7c65
895,Wie geil ist das denn (New Version) - Radio Version,Zascha,disco,https://i.scdn.co/image/ab67616d00001e02926a9ee4cf35afc8d6cf7c65
896,Die Vögelein vom Titicacasee - DJ Mix Oktoberfest 2014,Mike Der Bademeister,disco,https://i.scdn.co/image/ab67616d00001e02b5eea6ffc220c8b03ef18fc9
897,Wein Weib und Gesang - Party-Version,Frank Noris,disco,https://i.scdn.co/image/ab67616d00001e02a2272dded00502049b4e9d9b
898,Cinderella Baby,DJ Cheasy,disco,https://i.scdn.co/image/ab67616d00001e0261036d6aef9edbadf199d8b9
899,Tammurriata,Etna,disco,https://i.scdn.co/image/ab67616d00001e023df5400f23e58ff8db81cfdc
900,Stop & Prost,Hausverbot,disco,https://i.scdn.co/image/ab67616d00001e02eab9dadf118e59570f43deda
901,Jetzt ist der Teufel los - Böhmenkirch Fan-Mix Jessiii,Tobee,disco,https://i.scdn.co/image/ab67616d00001e02ddb20c35970a774bedfd8b68
902,Besser widerlich als wieder nicht,Willi Wedel,disco,https://i.scdn.co/image/ab67616d00001e02d3f08a45c7b6a130e39310a1
903,Cowboy und Indianer (Komm hol das Lasso raus!) - Hit Version,Coolonia,disco,https://i.scdn.co/image/ab67616d00001e0271756d351f777f965de6ac6d
904,"Uschi, Otze, Erna (Wir feiern auch mit Werner)",Andy Luxx,disco,https://i.scdn.co/image/ab67616d00001e0263ddab4ba65ec7b3341279b7
905,Schnaps das war sein letztes Wort 2014,Matty Valentino,disco,https://i.scdn.co/image/ab67616d00001e02648b443522c271a945b1ad47
906,1000 Liter Bier,Chaos Team,disco,https://i.scdn.co/image/ab67616d00001e02594b3b6834f16896b6ea0e05
907,Pigalle (Die große Mausefalle),J. P. Love,disco,https://i.scdn.co/image/ab67616d00001e02dcd69e2700a9decce743eac1
908,Zascha's Schunkel-Hitmix,Zascha,disco,https://i.scdn.co/image/ab67616d00001e028878d4e12d2c58b7d223f7b1
909,Wir rocken diese Stadt,Remmi Demmi Boys,disco,https://i.scdn.co/image/ab67616d00001e02d3f08a45c7b6a130e39310a1
910,Supergeil,Armin Kah,disco,https://i.scdn.co/image/ab67616d00001e02b5eea6ffc220c8b03ef18fc9
911,Helikopter 117 (Mach' den Hub Hub Hub),DJ Malle,disco,https://i.scdn.co/image/ab67616d00001e025112477646eee98f4da164e9
912,Bierkönig Nächte sind lang,Chriss Tuxi,disco,https://i.scdn.co/image/ab67616d00001e02683f1c4ee3c94b2ddee6a964
913,"Hoch die Hände, Wochenende",Olli Olé,disco,https://i.scdn.co/image/ab67616d00001e024da128fa72825fbe18c02732
914,Zruck zu Dir (Hallo Klaus) - Radio Version,Die Frechen Engel,disco,https://i.scdn.co/image/ab67616d00001e023c48af21379be739e89cde12
915,Voll wie ne Eule,Olli Olé,disco,https://i.scdn.co/image/ab67616d00001e0247f226c2b67b8bd0eedf0891
916,"Sag Mir Quando, Sag Mir Wann",DJ Bellissimo,disco,https://i.scdn.co/image/ab67616d00001e02f8b5450b1b15664595aa3d7a
917,Sierra Madre,Jux Fidelio,disco,https://i.scdn.co/image/ab67616d00001e02af780aaedabf9f8142de2048
918,Kenn nicht deinen Namen (Scheissegal) - Party Hit Version 2009,DJ Hulpa,disco,https://i.scdn.co/image/ab67616d00001e02be13dae3b800778513d4c45e
919,Stürmt die Hütte - Hütten Mix,Zascha,disco,https://i.scdn.co/image/ab67616d00001e025e6df4b883ecb65041c46a7f
920,Es gibt Bier auf Hawaii - Party Mix,Zascha,disco,https://i.scdn.co/image/ab67616d00001e0236bc75303984dad1f1450c0d
921,By My Side,INXS,funk,https://i.scdn.co/image/ab67616d00001e029b9812f99b2bcfe38cd26ce2
922,Wishing on a Star (Edit),Rose Royce,funk,https://i.scdn.co/image/ab67616d00001e02cb6ef9e0e9edc9088c6a820f
923,Rather Be (feat. Jess Glynne),Clean Bandit,funk,https://i.scdn.co/image/ab67616d00001e0260126c131c29497b7cbe9df6
924,Estar en Tu Mente,Los 5-U-4,funk,https://i.scdn.co/image/ab67616d00001e023360f503cf5dc7a9854c6557
925,Pretty Picture,Rick Gardner,funk,https://i.scdn.co/image/ab67616d00001e02b1bf3e04332ed5d0a3cb6a38
926,"Cuba, Que Linda Es Cuba (Music From Cuba) - Live",Los Tainos,funk,https://i.scdn.co/image/ab67616d00001e02f762121a9db8b32b5e5c014c
927,Fall On Me,King's X,funk,https://i.scdn.co/image/ab67616d00001e028114b18f59ab74d089e0b5dd
928,Lamento de Mayohuacán - Remasterizado,Los Llamas,funk,https://i.scdn.co/image/ab67616d00001e0222cc7e4239d77ed9caa442e1
929,Funky Orb,Rick Gardner,funk,https://i.scdn.co/image/ab67616d00001e021c9d69e41da159b5f8df2c57
930,Imprescindible,Milhojas,funk,https://i.scdn.co/image/ab67616d00001e0219c5124a667528d7ab2ad215
931,Rather Be (feat. Jess Glynne),Clean Bandit,funk,https://i.scdn.co/image/ab67616d00001e020dd334f4c22549a81244107b
932,These Days,Rudimental,funk,https://i.scdn.co/image/ab67616d00001e024a3698434a416c0b88b026cd
933,Open,Uni Deluxe,funk,https://i.scdn.co/image/ab67616d00001e0284d579aa98c9d083b3ac323b
934,Richiami Metropolitani,Tony Esposito,funk,https://i.scdn.co/image/ab67616d00001e024f6980ac96698f2ac94bc3da
935,Poderoso,Apocalipsis,funk,https://i.scdn.co/image/ab67616d00001e02f01ba3e61ace2534c09f90ff
936,Ballad Of Moth-Chew-Moth V1.5b,Nuclear Rabbit,funk,https://i.scdn.co/image/ab67616d00001e02bcf8480a09d07bd0c308283b
937,My Computer Is Funk,Dj Bitman,funk,https://i.scdn.co/image/ab67616d00001e020bcd24e030cca8e49a99b11d
938,God,Superthriller,funk,https://i.scdn.co/image/ab67616d00001e02bd36d6bb158d3fa722763419
939,You're With Me,Eddie Bo,funk,https://i.scdn.co/image/ab67616d00001e02cc395055b201a7834d391e4b
940,Wishing on a Star - Edit,Rose Royce,funk,https://i.scdn.co/image/ab67616d00001e02a84573eb20b50836006b8721
941,Natural High,Bloodstone,funk,https://i.scdn.co/image/ab67616d00001e02838760c312cc5748918b9fd6
942,Eddie's Big Wheel,Eddie Bo,funk,https://i.scdn.co/image/ab67616d00001e025c1724828b23d174d756884a
943,Wicked Game - Radio Edit,Paul Parsons,funk,https://i.scdn.co/image/ab67616d00001e022b565a313c490e50bca767d1
944,Danza In Sette,Tony Esposito,funk,https://i.scdn.co/image/ab67616d00001e024f6980ac96698f2ac94bc3da
945,The Detectives (Link 7a),Alan Tew,funk,https://i.scdn.co/image/ab67616d00001e0202f20e93ddacebdf80a29d5d
946,Outro,Ebony Rhythm Band,funk,https://i.scdn.co/image/ab67616d00001e0242abba610941d456f6ae92ae
947,Bonus track,Superthriller,funk,https://i.scdn.co/image/ab67616d00001e02bd36d6bb158d3fa722763419
948,Heaven,Danny Massure,funk,https://i.scdn.co/image/ab67616d00001e02c499661e6e8abe3072b4ccfb
949,Keep On Dancing - Single Version;Remastered,Commodores,funk,https://i.scdn.co/image/ab67616d00001e0249e2e6c1a3c80184294391cf
950,Now Me Know,Prophet,funk,https://i.scdn.co/image/ab67616d00001e023db46675066704409f7edc71
951,Natural High,Bloodstone,funk,https://i.scdn.co/image/ab67616d00001e029b303c4cb692a81a5918b913
952,Stinger,Ursula 1000,funk,https://i.scdn.co/image/ab67616d00001e02260c5055dbcfe4c0e2d979d2
953,The Detectives (Link 2c),Alan Tew,funk,https://i.scdn.co/image/ab67616d00001e0202f20e93ddacebdf80a29d5d
954,Scenechange (3a),Alan Tew,funk,https://i.scdn.co/image/ab67616d00001e02c90f4c20358dbe3f4d89c8d4
955,Feel the Love,Rudimental,funk,https://i.scdn.co/image/ab67616d00001e02b82925431ac0364b6d9b86be
956,Mountain Song,Jane's Addiction,funk,https://i.scdn.co/image/ab67616d00001e02cf8c15764f3ea59e845500a4
957,New World Disorder,Rick Gardner,funk,https://i.scdn.co/image/ab67616d00001e0254728d3f17aea7341ab434e6
958,Mo-Jo,Eddie Bo,funk,https://i.scdn.co/image/ab67616d00001e02befc3694a4afd4f0cdfd96f3
959,Stronger,Clean Bandit,funk,https://i.scdn.co/image/ab67616d00001e0208e70bd2417b14982a815ccd
960,Ain't No Reason - Alternative Mix,Tal Ross,funk,https://i.scdn.co/image/ab67616d00001e0276a4625c24ae257e4ae08c9b
961,Wonderfull,Ruslan Radriges,trance,https://i.scdn.co/image/ab67616d00001e02a2e16ac7e5587ce2ecab724b
962,Light & Sound - Single Edit,Tube Tonic,trance,https://i.scdn.co/image/ab67616d00001e0284d42c61267d2ec991b642eb
963,Vegas,Steve Brian,trance,https://i.scdn.co/image/ab67616d00001e02f1b17ec565f23b0f5a97eca6
964,See the Sun,ASP Project,trance,https://i.scdn.co/image/ab67616d00001e02ead9736e6519d07109e4a856
965,Overdrive,Air Diver,trance,https://i.scdn.co/image/ab67616d00001e026f0092c4b31026e9cd72ca86
966,Sleeping Thoughts,Coral Chiller,trance,https://i.scdn.co/image/ab67616d00001e02b5bbf555b2b2dd8a8add8c40
967,Warp - Fitness Version,Andrea Bertolini,trance,https://i.scdn.co/image/ab67616d00001e02e9811e6a84215605b0dfcd85
968,Levitated Radio 131 (LEVITATED 131) - Levitated with Manuel,Manuel Rocca,trance,https://i.scdn.co/image/ab67616d00001e02faf11f0718bd694888207341
969,Agarthi,Emadj,trance,https://i.scdn.co/image/ab67616d00001e0242b49f77824e8db65c445be8
970,Jesus Still Hates You,Mad Essence,trance,https://i.scdn.co/image/ab67616d00001e024228ed0d1b2eb51d007d33b8
971,You May Love - Acoustic Mix,Simon O'Shine,trance,https://i.scdn.co/image/ab67616d00001e0289f4700d889fa0b77d1b7760
972,Horizon - Original Mix,Gennadiy Adamenko,trance,https://i.scdn.co/image/ab67616d00001e02b1d8d4235cb56f6a5bf3e3a5
973,Insomnia Relapse - Original Mix,Jon The Baptist,trance,https://i.scdn.co/image/ab67616d00001e02b5d6c220005e24b13946b5ac
974,2 Years Suanda - Continuous DJ Mix,Roman Messer,trance,https://i.scdn.co/image/ab67616d00001e02aad07f51ad39e61b84de4572
975,Emotions - Original Mix,Gennadiy Adamenko,trance,https://i.scdn.co/image/ab67616d00001e0202b5ae2a909881f696c497da
976,Lose Myself (Club Mix),Roy Gates,trance,https://i.scdn.co/image/ab67616d00001e02de0c9fa57c59187525ce0d04
977,"Suanda Music (Suanda 163) - Coming Up, Pt. 1",Roman Messer,trance,https://i.scdn.co/image/5a1e0c1b8941b596c88d1e2966b6b124556dfcc5
978,Deep Mystery,Mandala,trance,https://i.scdn.co/image/ab67616d00001e029cd66c8765220be47f447f18
979,Beautiful - Radio Edit,Technikal,trance,https://i.scdn.co/image/ab67616d00001e02c9e5e22c42caf20678cf7a8b
980,Change The World - Estiva Remix,Daniel Kandi,trance,https://i.scdn.co/image/bf9733e2e6f12e20bcc6635b4713d8a9268931f8
981,Twist - Original Mix,Technikal,trance,https://i.scdn.co/image/ab67616d00001e02772b9d195031cd55999b2db9
982,Perception - Ethereal Mix,Gennadiy Adamenko,trance,https://i.scdn.co/image/ab67616d00001e02e6e3290e03329327f30260e7
983,Offshore (ANR189),Chicane,trance,https://i.scdn.co/image/ab67616d00001e029b714f53cda233ab582ff56f
984,Recap (UPLFTR001),Steve Allen,trance,https://i.scdn.co/image/ab67616d00001e02e06bdd1df3e9bae59eadc0ae
985,Together - Original Mix,Gennadiy Adamenko,trance,https://i.scdn.co/image/ab67616d00001e02ed3773f22e12b913c4b36f14
986,House Bee - Full Loaded Mix,Rocket Base,trance,https://i.scdn.co/image/ab67616d00001e021394e806aa39b4a33b99923d
987,Freaks (The Horn Song) - Club Edit,Niels Van Gogh,trance,https://i.scdn.co/image/ab67616d00001e027eaf13869741bd405bd2169a
988,Rentrez,Mandala,trance,https://i.scdn.co/image/ab67616d00001e02932c7826485b7a8a2aa71fd9
989,Bullet In The Gun - Eddie Halliwell Radio Edit,Planet Perfecto,trance,https://i.scdn.co/image/ab67616d00001e0218446eb6f82e18b0c48bad3d
990,Ni Una Palabra,DeepSea,trance,https://i.scdn.co/image/ab67616d00001e02f2bf1424780fc59b42f5a37d
991,Get On - Original Mix,Gennadiy Adamenko,trance,https://i.scdn.co/image/ab67616d00001e021bb27b83f183614061cc4fe9
992,Très Chic,Nexus 6,trance,https://i.scdn.co/image/ab67616d00001e02564308f41d074f4140333e5d
993,The Letter - Original Mix,Gennadiy Adamenko,trance,https://i.scdn.co/image/ab67616d00001e02390287bc011a0ec131508ebc
994,Rewind,Emma Hewitt,trance,https://i.scdn.co/image/ab67616d00001e02e38233690c7e8e97b6910cee
995,Since U Been Gone - Radio Edit,The Real Booty Babes,trance,https://i.scdn.co/image/ab67616d00001e02abec5b6c15ab7fdd0cc392fe
996,Cold Rock a Party - DeeDoubleyou Remix Edit,Brooklyn Bounce,trance,https://i.scdn.co/image/ab67616d00001e02a350f00656dbbf1e6fd453a6
997,AK47 (Suanda 112) - Nicholson's 2018 Remix,Carl Nicholson,trance,https://i.scdn.co/image/d3f6a164cfe4737369e8a0fb2e9ed0b1294db802
998,Waka Waka,Cape Town,trance,https://i.scdn.co/image/ab67616d00001e02232850f5946e80f0a1fbc91a
999,This Is How We Rock! - Raindropz! Remix Edit,Brooklyn Bounce,trance,https://i.scdn.co/image/ab67616d00001e0201df73d184cd0a1794801a4e
1000,This Here - Instrumental,DJ Lee,trance,https://i.scdn.co/image/ab67616d00001e026a757b43c9c6e931f6146068
1001,Bronx Life,Peshay,drum and bass,https://i.scdn.co/image/ab67616d00001e0252ab3687a9323ff95ee97b74
1002,Vanguard,Peshay,drum and bass,https://i.scdn.co/image/ab67616d00001e024db19c4cd725735801343fe3
1003,Vanguard,Peshay,drum and bass,https://i.scdn.co/image/ab67616d00001e0252ab3687a9323ff95ee97b74
1004,I Never Gonna Give Up,Irok,drum and bass,https://i.scdn.co/image/ab67616d00001e02778c83ba98195abfd1e30845
1005,Came to Spray - Instrumental,Jonny Faith,drum and bass,https://i.scdn.co/image/ab67616d00001e028d338bab0e5e152073873b54
1006,Metropolis,Coco Bryce,drum and bass,https://i.scdn.co/image/ab67616d00001e027f3beddf82a2e0523b2da471
1007,Don't Stop Do It - Bonus,Daddy Freddy,drum and bass,https://i.scdn.co/image/ab67616d00001e026cd2bb8e17adbb367d056d86
1008,Firefly - Clap! Clap! Remix,Jonny Faith,drum and bass,https://i.scdn.co/image/ab67616d00001e02986fe241b8720d8fe8531301
1009,Le Sucre,Jonny Faith,drum and bass,https://i.scdn.co/image/ab67616d00001e021935241cfbd6f38f52c07bfe
1010,New Progress,Jonny Faith,drum and bass,https://i.scdn.co/image/ab67616d00001e023b636c55dd4ea49ed79c3bb5
1011,The Rain,Etch,drum and bass,https://i.scdn.co/image/ab67616d00001e022965432fa3d104367284f8c1
1012,Slumber,Jonny Faith,drum and bass,https://i.scdn.co/image/ab67616d00001e02645f6cafef899865577b12fb
1013,Slumber,Jonny Faith,drum and bass,https://i.scdn.co/image/ab67616d00001e02d6bb2c59af13c8dd6122d5ca
1014,The Pigs Bollox,DJ Obese,drum and bass,https://i.scdn.co/image/ab67616d00001e022af9f734f0869a0a7312e1ee
1015,Wish Upon A Star - Hypertone Remix,David Boomah,drum and bass,https://i.scdn.co/image/ab67616d00001e02486167af34ea142d0b58c7e7
1016,2012,Marcus Visionary,drum and bass,https://i.scdn.co/image/ab67616d00001e025e1d979f75bd217c9d7b3055
1017,Neva Change,Double O,drum and bass,https://i.scdn.co/image/ab67616d00001e02e76a27d09c149f8938f958db
1018,Stay in Your Lane - Instrumental,Jonny Faith,drum and bass,https://i.scdn.co/image/ab67616d00001e02b0d5ec02907c39625167ef5a
1019,Le Sucre,Jonny Faith,drum and bass,https://i.scdn.co/image/ab67616d00001e02986fe241b8720d8fe8531301
1020,Mars (Saxy Beast),Brad Impact,drum and bass,https://i.scdn.co/image/ab67616d00001e0298089204f85e9d7af6f18980
1021,The Rain,Etch,drum and bass,https://i.scdn.co/image/ab67616d00001e02e672a1343090dc8938aaf60e
1022,The Rain,Etch,drum and bass,https://i.scdn.co/image/ab67616d00001e021cb0ca20120debdc77e3fd77
1023,Interlude,General Malice,drum and bass,https://i.scdn.co/image/ab67616d00001e027a5c3a3b351df5d5b7a61091
1024,Stay in Your Lane - Instrumental,Jonny Faith,drum and bass,https://i.scdn.co/image/ab67616d00001e02cc05ca6a4c88173893801677
1025,Belize City,Marcus Visionary,drum and bass,https://i.scdn.co/image/ab67616d00001e025e1d979f75bd217c9d7b3055
1026,Dutty Groove,Coco Bryce,drum and bass,https://i.scdn.co/image/ab67616d00001e028084b0c9ce9833b480d08e42
1027,Uranus (Bridges),Brad Impact,drum and bass,https://i.scdn.co/image/ab67616d00001e0298089204f85e9d7af6f18980
1028,The Rain,Etch,drum and bass,https://i.scdn.co/image/ab67616d00001e029a2cad3b7882af2ada9b615a
1029,The Rain,Etch,drum and bass,https://i.scdn.co/image/ab67616d00001e02f1fc827b1abf330b864b4aaf
1030,Slumber,Jonny Faith,drum and bass,https://i.scdn.co/image/ab67616d00001e0249233440d77bce9aefca745b
1031,The Crown - Dubbed Out,Daddy Freddy,drum and bass,https://i.scdn.co/image/ab67616d00001e025af63e09b7a1c60e037630d6
1032,The Crown - Beat Street Breakdown,Daddy Freddy,drum and bass,https://i.scdn.co/image/ab67616d00001e02acbd71a3eb0724bd1e0edd37
1033,Everyman Inside - Interlude,DJ Hybrid,drum and bass,https://i.scdn.co/image/ab67616d00001e022dd4befe852dbdf0fc369550
1034,Supercalifraglistic - 1000names Remix,Coco Bryce,drum and bass,https://i.scdn.co/image/ab67616d00001e027f3beddf82a2e0523b2da471
1035,Firefly - Clap! Clap! Remix,Jonny Faith,drum and bass,https://i.scdn.co/image/ab67616d00001e02a4aab864f9e33ec14b4a6b50
1036,Feels,T-Break,drum and bass,https://i.scdn.co/image/ab67616d00001e029d1e3bdf59a481f6d890e614
1037,Cubano Hermano,Brad Impact,drum and bass,https://i.scdn.co/image/ab67616d00001e024f2b84b1da9d731a3197e3e7
1038,Astroflute,Brad Impact,drum and bass,https://i.scdn.co/image/ab67616d00001e02875717c9c96e5c174c614997
1039,Heatwave,Malaky,drum and bass,https://i.scdn.co/image/ab67616d00001e02fbc96dae73e56af5df7b41eb
1040,Your Eyes in My Memory - Original Mix,Duoscience,drum and bass,https://i.scdn.co/image/ab67616d00001e0248a70905e445278b28e9630d
1041,Мы вместе (Sasha Veter Extended Remix),Katya Chekhova,dubstep,https://i.scdn.co/image/ab67616d00001e02fa3c36345471f0f3ec49fe01
1042,Hennessy,D1,dubstep,https://i.scdn.co/image/ab67616d00001e02ee7255dee206bcca6eab7fd4
1043,Selector,Mike Goldberg,dubstep,https://i.scdn.co/image/ab67616d00001e0228c9ef1ed631fd760c396838
1044,Мы вместе (Агент Смит Progressive Mix),Katya Chekhova,dubstep,https://i.scdn.co/image/ab67616d00001e02fa3c36345471f0f3ec49fe01
1045,Good Mood,Syntheticsax,dubstep,https://i.scdn.co/image/ab67616d00001e02c3216edda72825f081e96886
1046,Версия 1.0 (Агент Смит Mix),Katya Chekhova,dubstep,https://i.scdn.co/image/ab67616d00001e022e333da3afa5156a25ce624e
1047,The Snake,Jack Flynn-Oakley,dubstep,https://i.scdn.co/image/ab67616d00001e022c73bd8ff54f0e34db74fa97
1048,Три слова (XSerDJ Remix),Katya Chekhova,dubstep,https://i.scdn.co/image/ab67616d00001e02fa3c36345471f0f3ec49fe01
1049,Anticipation,Syntheticsax,dubstep,https://i.scdn.co/image/ab67616d00001e029ca81f8505d4a7a9f41c4ef3
1050,Transition,Dubfreq,dubstep,https://i.scdn.co/image/ab67616d00001e024306fc39217baac23c5d0cbf
1051,По проводам (Lapron Clash Remix),Katya Chekhova,dubstep,https://i.scdn.co/image/ab67616d00001e022e333da3afa5156a25ce624e
1052,Не страшно,Katya Chekhova,dubstep,https://i.scdn.co/image/ab67616d00001e02dd6498b45c48a1c0db16be05
1053,Waves of Change,Syntheticsax,dubstep,https://i.scdn.co/image/ab67616d00001e029ca81f8505d4a7a9f41c4ef3
1054,Я не с тобой (Варда Радио Mix),Katya Chekhova,dubstep,https://i.scdn.co/image/ab67616d00001e022e333da3afa5156a25ce624e
1055,Good Mood,Syntheticsax,dubstep,https://i.scdn.co/image/ab67616d00001e020d81f24b4b7fe66687468e19
1056,Adoctrinados,Demon,dubstep,https://i.scdn.co/image/ab67616d00001e02237cda71297830893fcbe81b
1057,Prayer to the Sun - Radio Edit,Syntheticsax,dubstep,https://i.scdn.co/image/ab67616d00001e02414e84444edd256e827c8a05
1058,Selfie,Dj Yankovski,dubstep,https://i.scdn.co/image/ab67616d00001e02687ca8371d075cde741eae04
1059,Take You Higher - Original Mix,Candy Shop,dubstep,https://i.scdn.co/image/ab67616d00001e02a2f9033a8a7a6907c429f602
1060,Truss,Mike Goldberg,dubstep,https://i.scdn.co/image/ab67616d00001e0289c1c70d737dc9f2e177013d
1061,Leaves in Winter,Syntheticsax,dubstep,https://i.scdn.co/image/ab67616d00001e027426da6244cb3d33f3499038
1062,"Солнце моё, вставай (Slow Version)",Katya Chekhova,dubstep,https://i.scdn.co/image/ab67616d00001e02fa3c36345471f0f3ec49fe01
1063,По проводам (Swanky Tunes Radio Remix),Katya Chekhova,dubstep,https://i.scdn.co/image/ab67616d00001e022e333da3afa5156a25ce624e
1064,Версия 1.0 (Артефакт 2 Step Mix),Katya Chekhova,dubstep,https://i.scdn.co/image/ab67616d00001e022e333da3afa5156a25ce624e
1065,По проводам (Swanky Tunes Dub Remix),Katya Chekhova,dubstep,https://i.scdn.co/image/ab67616d00001e022e333da3afa5156a25ce624e
1066,Мечтая (Mezcla del Agente Smith),Katya Chekhova,dubstep,https://i.scdn.co/image/ab67616d00001e02faef6ad46d0e67c610df7cdc
1067,Lume ++,Argo,dubstep,https://i.scdn.co/image/ab67616d00001e02ab1e80cf811d4d9ed14d3ffe
1068,If I Could Ask,Candy Shop,dubstep,https://i.scdn.co/image/ab67616d00001e02c85df8bb3f342fddc9bcb67e
1069,Truss,Mike Goldberg,dubstep,https://i.scdn.co/image/ab67616d00001e0293e5edcb68b478d6f07fb6ef
1070,Announce,Ax7is,dubstep,https://i.scdn.co/image/ab67616d00001e02fa4b5bb8346779fcff6431fc
1071,По проводам (Johnny Beast Mix),Katya Chekhova,dubstep,https://i.scdn.co/image/ab67616d00001e022e333da3afa5156a25ce624e
1072,Версия 1.0 (Swanky Tunes Remix),Katya Chekhova,dubstep,https://i.scdn.co/image/ab67616d00001e022e333da3afa5156a25ce624e
1073,Sunny Summer,Syntheticsax,dubstep,https://i.scdn.co/image/ab67616d00001e02687e99747eb9094e76f75283
1074,"Солнце моё, вставай (Drum Mix)",Katya Chekhova,dubstep,https://i.scdn.co/image/ab67616d00001e02fa3c36345471f0f3ec49fe01
1075,Cry Little Sister (Mozart & Friends Remix),The Anix,dubstep,https://i.scdn.co/image/ab67616d00001e02ae51b56652b72f7c99e79b3a
1076,Мечтая (Real 8 Bit Mix),Katya Chekhova,dubstep,https://i.scdn.co/image/ab67616d00001e02faef6ad46d0e67c610df7cdc
1077,Посмотри на меня (DJ KorDJ из ППК Mix),Katya Chekhova,dubstep,https://i.scdn.co/image/ab67616d00001e02faef6ad46d0e67c610df7cdc
1078,Real Life,Argo,dubstep,https://i.scdn.co/image/ab67616d00001e02ab1e80cf811d4d9ed14d3ffe
1079,Loketur,207,dubstep,https://i.scdn.co/image/ab67616d00001e02a628bae7b4094808a6be17de
1080,Announce,Ax7is,dubstep,https://i.scdn.co/image/ab67616d00001e02894eb8efe7b4737abb22a352
1081,TÓXICA - Buscala En Nuestras Redes Vieja,MUGRE,post-punk,https://i.scdn.co/image/ab67616d00001e02594cfe86bdbd181101b4c4e3
1082,Undir lánsömu eyra,Fan Houtens Kókó,post-punk,https://i.scdn.co/image/ab67616d00001e023fc9eb886a38106ba1fc0141
1083,Krab-Dekorator - Original Mix,Stepan I Meduza,post-punk,https://i.scdn.co/image/ab67616d00001e026f82836c3d34495b39f3bc85
1084,Anything for Love,Cobra Starship,post-punk,https://i.scdn.co/image/ab67616d00001e025396104f97740037f2fbec3f
1085,"Финиш, ясный сокол",Кооперативништяк,post-punk,https://i.scdn.co/image/ab67616d00001e0248e4f11064d9e50c74e52072
1086,03 03,сны твоих мёртвых друзей,post-punk,https://i.scdn.co/image/ab67616d00001e022ef5e10f5d5fd457dfd6e14b
1087,Bloodsports,New Model Army,post-punk,https://i.scdn.co/image/ab67616d00001e02bc15f518879204544da38eae
1088,Lockstep,The Creeping Nobodies,post-punk,https://i.scdn.co/image/ab67616d00001e02604ab13783fda8a898a07efb
1089,Ubek z bloku obok,Nacht und Nebel [PL],post-punk,https://i.scdn.co/image/ab67616d00001e02ce43e5c1ff317ee57557e46f
1090,Встречные огни,Кооперативништяк,post-punk,https://i.scdn.co/image/ab67616d00001e026848a2dd560aa1b70734f478
1091,Что?,сны твоих мёртвых друзей,post-punk,https://i.scdn.co/image/ab67616d00001e020ccfa857db10a4cdafe31753
1092,Overnight Sensation,Heart & Soul,post-punk,https://i.scdn.co/image/ab67616d00001e024b9c10a100b2590ea5e7c6c0
1093,напрасно,сны твоих мёртвых друзей,post-punk,https://i.scdn.co/image/ab67616d00001e0222cf9b1815ae3fef66bb8d07
1094,Send My Love to the Dance Floor I'll See You in Hell (Hey Mister DJ),Cobra Starship,post-punk,https://i.scdn.co/image/ab67616d00001e021b9b06a62564bd1169767883
1095,Рок в рог,Кооперативништяк,post-punk,https://i.scdn.co/image/ab67616d00001e0227875dd6cbecaf09db29ef24
1096,La Chica Del Brasil,Derribos Arias,post-punk,https://i.scdn.co/image/ab67616d00001e0238b26f89ec1f4512b133c784
1097,"Shades of Black (Live 1980, May 17th)",Screen 3,post-punk,https://i.scdn.co/image/ab67616d00001e02cf1993d63f3d01b9c91362b9
1098,Waiting for the Loveboat - Single Version,The Associates,post-punk,https://i.scdn.co/image/ab67616d00001e02fbcc2c1b4328e1643c47689d
1099,X-Merr,Vonbrigði,post-punk,https://i.scdn.co/image/ab67616d00001e0225f58202a13456b9e6bd5d6b
1100,Knowing 33,Rhythm Of Cruelty,post-punk,https://i.scdn.co/image/ab67616d00001e024d5f6896b8d9541a5085b79d
1101,Heart of Glass,The Associates,post-punk,https://i.scdn.co/image/ab67616d00001e02f893352859c6dea2cc47c1ca
1102,Look and See,Heart & Soul,post-punk,https://i.scdn.co/image/ab67616d00001e023cb358b91e92bdc22763cc43
1103,Track M,сны твоих мёртвых друзей,post-punk,https://i.scdn.co/image/ab67616d00001e02aee0b6cbfd1c7e8d50aab2ed
1104,Good Girls Go Bad,Cobra Starship,post-punk,https://i.scdn.co/image/ab67616d00001e022ce278bbbb61173438a018e1
1105,Bye Bye Banker - Liberal Version,Attila The Stockbroker,post-punk,https://i.scdn.co/image/ab67616d00001e0236568ddd43539fd6612f8e15
1106,Мудрым и справедливым,Кооперативништяк,post-punk,https://i.scdn.co/image/ab67616d00001e0205b70f40fd66720844ab2f54
1107,When all hope is gone,Modern Men,post-punk,https://i.scdn.co/image/ab67616d00001e0214added9ac62bb5764758674
1108,Гаер,Кооперативништяк,post-punk,https://i.scdn.co/image/ab67616d00001e021e2bc123fd84995739e473e1
1109,Theresa,John Otway,post-punk,https://i.scdn.co/image/ab67616d00001e020630b64b2991c4805e34005a
1110,Ближе всего,Пожар,post-punk,https://i.scdn.co/image/ab67616d00001e02c6b8f52f5af1281416779cf1
1111,Shoe Shine,Heart & Soul,post-punk,https://i.scdn.co/image/ab67616d00001e023be3896831d1ce2d050bf11e
1112,Rio das Mortes,Strasse,post-punk,https://i.scdn.co/image/ab67616d00001e02ea027a87b13481aea7f3d13e
1113,Waiting for the Loveboat - Single Version,The Associates,post-punk,https://i.scdn.co/image/ab67616d00001e02e866645c37b39a39948ab545
1114,Васудева - інструментал,Signals Feed The Void,post-punk,https://i.scdn.co/image/ab67616d00001e0258b6e3efeb5d9641ac136629
1115,Вера,Кооперативништяк,post-punk,https://i.scdn.co/image/ab67616d00001e020e7cd916a64870ef5bf5369a
1116,Fold Your Hands Child,Cobra Starship,post-punk,https://i.scdn.co/image/ab67616d00001e02ca55885681304bffc21f5d76
1117,DarkBeat,Der Baum,post-punk,https://i.scdn.co/image/ab67616d00001e02299581d8d0afc50aac46b8e0
1118,Lupakan,Passive,post-punk,https://i.scdn.co/image/ab67616d00001e02ab8254e0f94bc8ca17018410
1119,Little Deuce Coupe - En Vivo,Before,post-punk,https://i.scdn.co/image/ab67616d00001e02841f394ae9be8cac63cd5e06
1120,Burn Cold,Cruel Cruel,post-punk,https://i.scdn.co/image/ab67616d00001e02ecc1f013882d6a5d15482db0
1121,Фильм (Первое демо с псевдотекстом),электроребята,shoegaze,https://i.scdn.co/image/ab67616d00001e0232bfa02e8f1c05d80ad29e0b
1122,to feel - Donkey Basketball Remix,twin coast,shoegaze,https://i.scdn.co/image/ab67616d00001e02ac69ad9c3117ce1b292d87bb
1123,M'dear,Witherspoon,shoegaze,https://i.scdn.co/image/ab67616d00001e024f323427a106bc4401f94a68
1124,Тебя теряю,Secrets of the third Planet,shoegaze,https://i.scdn.co/image/ab67616d00001e02cae0718b8544b2b6bb2c5c34
1125,La Mort Des Amants,La Houle,shoegaze,https://i.scdn.co/image/ab67616d00001e02720f75b7c2ad437313675508
1126,Pétalas (Acústico),Marchioretto,shoegaze,https://i.scdn.co/image/ab67616d00001e02925a712cd9ab6778b1eb9a28
1127,OGON’ IDET SO MNOi,ALMOST VIOLENCE,shoegaze,https://i.scdn.co/image/ab67616d00001e0252d2ab3bde63bc36ccd78dde
1128,Bluesilver,Dive (jpn),shoegaze,https://i.scdn.co/image/ab67616d00001e0212e83c574856d3c5c278227e
1129,One Tree Alone,Witherspoon,shoegaze,https://i.scdn.co/image/ab67616d00001e02e6da5182570fec52eeb1c864
1130,The Whimsy Song,Witherspoon,shoegaze,https://i.scdn.co/image/ab67616d00001e026f45bbe8d28f068ca1178646
1131,Dark Knight,Witherspoon,shoegaze,https://i.scdn.co/image/ab67616d00001e02ca67e562e7b73e99bb5759bc
1132,Foreign Lands - Live,Hume Assine,shoegaze,https://i.scdn.co/image/ab67616d00001e02f40c515169353003bc54d0ec
1133,Over the Waves - Instrumental,Witherspoon,shoegaze,https://i.scdn.co/image/ab67616d00001e022d4a012cd2b7b25170e806a3
1134,Treasure Tree (just for you),Witherspoon,shoegaze,https://i.scdn.co/image/ab67616d00001e02e6da5182570fec52eeb1c864
1135,YA VSE VIDEL,ALMOST VIOLENCE,shoegaze,https://i.scdn.co/image/ab67616d00001e0290b56751e8c073eb78da3db2
1136,Dom,Adonis,shoegaze,https://i.scdn.co/image/ab67616d00001e02f9f67a4b145db5ae812a9a0e
1137,Клубу1052,ALMOST VIOLENCE,shoegaze,https://i.scdn.co/image/ab67616d00001e02164f76a34782291125e4f27f
1138,On Crow Tree Hill - Single Version,Witherspoon,shoegaze,https://i.scdn.co/image/ab67616d00001e02555068c90569648e55c418fb
1139,Košuta,Adonis,shoegaze,https://i.scdn.co/image/ab67616d00001e02f9f67a4b145db5ae812a9a0e
1140,Under the Gaze of Eternity,Powerslide,shoegaze,https://i.scdn.co/image/ab67616d00001e02ec95579a22b48615babfcf9d
1141,Othel Chantsong,Witherspoon,shoegaze,https://i.scdn.co/image/ab67616d00001e02313c804d08cbcaf288169268
1142,DETOX,Hume Assine,shoegaze,https://i.scdn.co/image/ab67616d00001e025a9fe50b0c764761995f1ecc
1143,Вспышка иридиума,Архитектурный Оркестр Благодетели,shoegaze,https://i.scdn.co/image/ab67616d00001e020b229bcc33ddc4e826ddffcb
1144,Тропы,Castletroy,shoegaze,https://i.scdn.co/image/ab67616d00001e02655b851a6a37db2d4f2d6cfe
1145,Психоделическое отечество,электроребята,shoegaze,https://i.scdn.co/image/ab67616d00001e02a0e65b2d875174a313fe56d8
1146,М.М,Anatol,shoegaze,https://i.scdn.co/image/ab67616d00001e02a2b9156484890624d6555da2
1147,Parasite,Russian Baths,shoegaze,https://i.scdn.co/image/ab67616d00001e02fa7f705d33f15835201a88fe
1148,This Is A Cry For Help,Beach Novels,shoegaze,https://i.scdn.co/image/ab67616d00001e02b16fc04dfa1bf7e7c9323302
1149,It Doesn't Matter,Klimt,shoegaze,https://i.scdn.co/image/ab67616d00001e026f394d6c201b9158e46fc83f
1150,costras - Live,protozoo,shoegaze,https://i.scdn.co/image/ab67616d00001e0249193ff55e8f1e19b126a55d
1151,Don't Wanna Give You Up,Witherspoon,shoegaze,https://i.scdn.co/image/ab67616d00001e02ec05378597581f4741bb23b1
1152,Ehwaz Chantsong,Witherspoon,shoegaze,https://i.scdn.co/image/ab67616d00001e02313c804d08cbcaf288169268
1153,SPECIAL ORDINARY LIFE,Hume Assine,shoegaze,https://i.scdn.co/image/ab67616d00001e02e39a7cba0e4419648e8bebb6
1154,Здесь,ALMOST VIOLENCE,shoegaze,https://i.scdn.co/image/ab67616d00001e02e590b7eda23f76f5aaa01b41
1155,Чистый саунд,Anatol,shoegaze,https://i.scdn.co/image/ab67616d00001e02fa015d51641940b4971a99cb
1156,"Lonely, Lonely, Lonely",Team Ghost,shoegaze,https://i.scdn.co/image/ab67616d00001e02a2aa0b93b939952e805f9a54
1157,Myślę o tb,Anatol,shoegaze,https://i.scdn.co/image/ab67616d00001e02d7863eed311de8385e248a7f
1158,Pleuritis,Castletroy,shoegaze,https://i.scdn.co/image/ab67616d00001e029c0e1f57fda75ec7e86f7d62
1159,Sun,Lilac,shoegaze,https://i.scdn.co/image/ab67616d00001e02b965e63f6123b100a0d36b52
1160,Untitled (Extended Version),The Prids,shoegaze,https://i.scdn.co/image/ab67616d00001e0220f8feec1037f97cea118b47
1161,Through Glass - Live Acoustic,Stone Sour,grunge,https://i.scdn.co/image/ab67616d00001e02b94dbc5db6c6df7ff4fd5561
1162,Iris - Acoustic,The Goo Goo Dolls,grunge,https://i.scdn.co/image/ab67616d00001e02b29134374ab346ac5e745243
1163,In a Little While,Uncle Kracker,grunge,https://i.scdn.co/image/ab67616d00001e022ff5e58b1fcb1bce9af961c6
1164,In a Little While - Radio Edit,Uncle Kracker,grunge,https://i.scdn.co/image/ab67616d00001e02d206beeb6a9fc1caabb0845b
1165,My Hometown,Uncle Kracker,grunge,https://i.scdn.co/image/ab67616d00001e0221008d80b196909f7dde2da8
1166,In a Little While - Radio Edit,Uncle Kracker,grunge,https://i.scdn.co/image/ab67616d00001e0279304084df3dd0425eda0910
1167,Mountain Song,Jane's Addiction,grunge,https://i.scdn.co/image/ab67616d00001e020e8cdc16cf5fa4cf408f2fbe
1168,Through Glass - Live; Acoustic,Stone Sour,grunge,https://i.scdn.co/image/ab67616d00001e024d4f3bca6cc775ce05294fcc
1169,Put Your Hands Up - Swanky Tunes Radio Edit,Matchbox Twenty,grunge,https://i.scdn.co/image/ab67616d00001e0238f85215dd1d32439cf94ee2
1170,Hold My Hand - Don Gehman Remix,Hootie & The Blowfish,grunge,https://i.scdn.co/image/ab67616d00001e02e181dc5953faccd4a17fe2f3
1171,In the Meantime,Spacehog,grunge,https://i.scdn.co/image/ab67616d00001e02be830a61529098990bdb49f6
1172,In the Meantime,Spacehog,grunge,https://i.scdn.co/image/ab67616d00001e02f2741b2e1d7986667e89f56f
1173,In the Blood,Better Than Ezra,grunge,https://i.scdn.co/image/ab67616d00001e0229d67694b24b4cb95b7eb202
1174,Iris - Acoustic,The Goo Goo Dolls,grunge,https://i.scdn.co/image/ab67616d00001e0278cfa2ec451a6dbc636c3987
1175,Die Trying - Acoustic,Art Of Dying,grunge,https://i.scdn.co/image/ab67616d00001e028ec71e4ddeb88a284d687943
1176,Good,Better Than Ezra,grunge,https://i.scdn.co/image/ab67616d00001e02493a2fe17625da64f6369793
1177,Cursed Female,Porno for Pyros,grunge,https://i.scdn.co/image/ab67616d00001e02e69f2aa4a3e047c8fefe8c08
1178,Palpitar,Dotzd,grunge,https://i.scdn.co/image/ab67616d00001e02424492dd8d9c2b2be4097e22
1179,Mercy - Acoustic,Stone Sour,grunge,https://i.scdn.co/image/ab67616d00001e02e2f57b4791306d40c02f43ce
1180,Earth Plc,Dogman,grunge,https://i.scdn.co/image/ab67616d00001e023d55bd913c1c709e5bda936c
1181,In the Meantime,Spacehog,grunge,https://i.scdn.co/image/ab67616d00001e02ae4c6c1eb298b13e70c90579
1182,Get Thru This,Art Of Dying,grunge,https://i.scdn.co/image/ab67616d00001e02df6fcc4a165af345349764f0
1183,Dream Baby,Hootie & The Blowfish,grunge,https://i.scdn.co/image/ab67616d00001e02c0be9909954222fe45446ca5
1184,How You Remind Me,Nickelback,grunge,https://i.scdn.co/image/ab67616d00001e02967cea2648ccce8afd7668a2
1185,Hold My Hand,Hootie & The Blowfish,grunge,https://i.scdn.co/image/ab67616d00001e02612769b89118257cf9cbc3c3
1186,Hold My Hand - Radio Edit,Hootie & The Blowfish,grunge,https://i.scdn.co/image/ab67616d00001e028ed63bbedeaac4d5c8925631
1187,Not Even the Trees,Hootie & The Blowfish,grunge,https://i.scdn.co/image/ab67616d00001e02603361c9fc860a33333d5cc8
1188,I Hate California,Uncle Kracker,grunge,https://i.scdn.co/image/ab67616d00001e0253cec643faeb1e77cd3de303
1189,Drowning,Hootie & The Blowfish,grunge,https://i.scdn.co/image/ab67616d00001e023d0a0d725035f0ff72ffd1ba
1190,Crash - Acoustic Version,Cavo,grunge,https://i.scdn.co/image/ab67616d00001e028ec71e4ddeb88a284d687943
1191,Iris - Acoustic,The Goo Goo Dolls,grunge,https://i.scdn.co/image/ab67616d00001e02da68dea7f183a17e669a9b5a
1192,In the Meantime,Spacehog,grunge,https://i.scdn.co/image/ab67616d00001e02a534058f50fda83260e2ada4
1193,My Hometown,Uncle Kracker,grunge,https://i.scdn.co/image/ab67616d00001e02e6f2956e931917a6fc726371
1194,In a Little While,Uncle Kracker,grunge,https://i.scdn.co/image/ab67616d00001e02c51faccbd352345b6741f146
1195,Hold My Hand - Don Gehman Remix,Hootie & The Blowfish,grunge,https://i.scdn.co/image/ab67616d00001e0215e24fc4f12fc48f9a31be40
1196,Good,Better Than Ezra,grunge,https://i.scdn.co/image/ab67616d00001e02ae0ff3e40f31287af8616cf8
1197,Hold My Hand - Don Gehman Remix,Hootie & The Blowfish,grunge,https://i.scdn.co/image/ab67616d00001e02a8bdd52286cb90a0ea7bc863
1198,Some Other Place,Dogman,grunge,https://i.scdn.co/image/ab67616d00001e023d55bd913c1c709e5bda936c
1199,Tierra,Las Ruinas de Santo Espiritu,grunge,https://i.scdn.co/image/ab67616d00001e02289ece40b9940f85f3651b9c
1200,In the Meantime,Spacehog,grunge,https://i.scdn.co/image/ab67616d00001e028f666ca4aa3a6d6486cb8a05
1201,O Danny Boy,Keith Arneson,bluegrass,https://i.scdn.co/image/ab67616d00001e0200dce171b3af5d6b91eaa4e0
1202,Star Spangled Banner,Norman Blake,bluegrass,https://i.scdn.co/image/ab67616d00001e020780897271ba0ad8ad754008
1203,Amazing Grace,Jana Jae,bluegrass,https://i.scdn.co/image/ab67616d00001e0203a78d5f3f8fe1301fb8dad7
1204,Deep River,Ross Hammond,bluegrass,https://i.scdn.co/image/ab67616d00001e029f39a0e670762eef9e0d3724
1205,Tap,Ross Hammond,bluegrass,https://i.scdn.co/image/ab67616d00001e02481330da407ebae0af35fb37
1206,Stand By Me,Craig Duncan,bluegrass,https://i.scdn.co/image/ab67616d00001e02e21e0b121bda85b8e2cfa40d
1207,Flower of Mexico,Johnny Gimble,bluegrass,https://i.scdn.co/image/ab67616d00001e02bf9ae175803caa9ed116502d
1208,Fire And Rain,Craig Duncan,bluegrass,https://i.scdn.co/image/ab67616d00001e024f6fd6d2edda2bb4d7bf1f95
1209,Intro - Roll In My Sweet Baby's Arm's / Live,Sammy Shelor,bluegrass,https://i.scdn.co/image/ab67616d00001e023efc3490e38b099781da8e91
1210,Waterwheel,Open Road,bluegrass,https://i.scdn.co/image/ab67616d00001e027753049a618b20c1d1d09c1d
1211,This Land Is Your Land,Craig Duncan,bluegrass,https://i.scdn.co/image/ab67616d00001e027a862272692feef32a0b20d6
1212,(Off We Go) The U.S. Air Force,Craig Duncan,bluegrass,https://i.scdn.co/image/ab67616d00001e027a862272692feef32a0b20d6
1213,Smoky Mountain Sunrise,Craig Duncan,bluegrass,https://i.scdn.co/image/ab67616d00001e02e21e0b121bda85b8e2cfa40d
1214,Fish Girl,Ross Hammond,bluegrass,https://i.scdn.co/image/ab67616d00001e02d072f818ffe801fdf120d275
1215,The Coyotes Aren't as Far as You Think,Ross Hammond,bluegrass,https://i.scdn.co/image/ab67616d00001e029f39a0e670762eef9e0d3724
1216,Do You Think It’s Alright?,The HillBenders,bluegrass,https://i.scdn.co/image/ab67616d00001e025c278e6e157860f114b7ee3c
1217,"Kenyatta, the Professor and the Redeemer",Ross Hammond,bluegrass,https://i.scdn.co/image/ab67616d00001e02395ee874c2637c461a15f872
1218,Dab,Ross Hammond,bluegrass,https://i.scdn.co/image/ab67616d00001e02481330da407ebae0af35fb37
1219,Grass Salad,Ross Hammond,bluegrass,https://i.scdn.co/image/ab67616d00001e0259a14f733c1637cb48d5a65b
1220,Heaven Was Getting Crowded,Ross Hammond,bluegrass,https://i.scdn.co/image/ab67616d00001e02f1ab5ba62726fe3e31bbd88d
1221,Introduction: Isaac Freeman,The Nashville Bluegrass Band,bluegrass,https://i.scdn.co/image/ab67616d00001e02926d8b97e5c0983312d0c076
1222,"Friend Like Me - From ""Aladdin""",Craig Duncan,bluegrass,https://i.scdn.co/image/ab67616d00001e0298bed0617f9c5d21a10c8f4e
1223,"Be Our Guest - From ""Beauty And The Beast""",Craig Duncan,bluegrass,https://i.scdn.co/image/ab67616d00001e0298bed0617f9c5d21a10c8f4e
1224,"Absalom, My Son",Stacy Phillips,bluegrass,https://i.scdn.co/image/ab67616d00001e02da54717cdcacb247d8cb50b6
1225,Fat Boy Rag,Johnny Gimble,bluegrass,https://i.scdn.co/image/ab67616d00001e0212939190efa3358635fd1fe8
1226,Rocky Mountain High - 2001 Version,Craig Duncan,bluegrass,https://i.scdn.co/image/ab67616d00001e02e21e0b121bda85b8e2cfa40d
1227,Milk Cow Blues,Jana Jae,bluegrass,https://i.scdn.co/image/ab67616d00001e02fab9f8c9924cdc8d8f032b08
1228,INTRO,DAVID GRISMAN QUINTET,bluegrass,https://i.scdn.co/image/ab67616d00001e02e82e2686cf5da1ed9c65102a
1229,Chapter Three,Jeff Austin,bluegrass,https://i.scdn.co/image/ab67616d00001e0252f607e9e98187429713fff3
1230,What's Spanish for Poet?,Ross Hammond,bluegrass,https://i.scdn.co/image/ab67616d00001e02f1ab5ba62726fe3e31bbd88d
1231,Wayfaring Stranger,Jana Jae,bluegrass,https://i.scdn.co/image/ab67616d00001e0203a78d5f3f8fe1301fb8dad7
1232,God Bless America,Craig Duncan,bluegrass,https://i.scdn.co/image/ab67616d00001e022da70b66d559465f56161cb9
1233,Migrations: Third Movement,Matt Flinner,bluegrass,https://i.scdn.co/image/ab67616d00001e02be14e2b0afc7a835ff18ad31
1234,"27th Of September, Tears",Stacy Phillips,bluegrass,https://i.scdn.co/image/ab67616d00001e02f1fe9fda46d057e11605c90c
1235,Whiskey Before Breakfast,Craig Duncan,bluegrass,https://i.scdn.co/image/ab67616d00001e02e21e0b121bda85b8e2cfa40d
1236,Hot Jams,Pert Near Sandstone,bluegrass,https://i.scdn.co/image/ab67616d00001e02e204e16d02bdb7115525be60
1237,"Hey, Nice Pants!",Ross Hammond,bluegrass,https://i.scdn.co/image/ab67616d00001e02481330da407ebae0af35fb37
1238,Intro: Walk the Way the Wind Blows,Hot Rize,bluegrass,https://i.scdn.co/image/ab67616d00001e02eaa3194a9146c146e3604118
1239,Dragon Riders,Ross Hammond,bluegrass,https://i.scdn.co/image/ab67616d00001e02beb9ab8e1d9f04a02633ae46
1240,Your Undertow,Ross Hammond,bluegrass,https://i.scdn.co/image/ab67616d00001e02beb9ab8e1d9f04a02633ae46
1241,Dos Orillas,Antonio Orozco,flamenco,https://i.scdn.co/image/ab67616d00001e02e59d2e8a41b9b9d55020eed1
1242,No Hay Más - Terra Live Music / Acústico,Antonio Orozco,flamenco,https://i.scdn.co/image/ab67616d00001e02e59d2e8a41b9b9d55020eed1
1243,Toda Mi Verdad,Antonio Orozco,flamenco,https://i.scdn.co/image/ab67616d00001e02e59d2e8a41b9b9d55020eed1
1244,Llegará - Terra Live Music / Acústico,Antonio Orozco,flamenco,https://i.scdn.co/image/ab67616d00001e02e59d2e8a41b9b9d55020eed1
1245,Identidad,Lenacay,flamenco,https://i.scdn.co/image/ab67616d00001e02a1de75a920311f31bbf31a84
1246,Entrance + Tuning - binaural,Ottmar Liebert,flamenco,https://i.scdn.co/image/ab67616d00001e027abfc67658065d211ce35a8b
1247,Fandangos de Huelva de Sabicas,Sabicas,flamenco,https://i.scdn.co/image/ab67616d00001e02fd3060c2340dd69f5e3c57e8
1248,Puentecito,Antoñita Moreno,flamenco,https://i.scdn.co/image/ab67616d00001e02221517dad4a5c1fbb4628043
1249,Y no hago na,Diego Martín,flamenco,https://i.scdn.co/image/ab67616d00001e0273d8842636f4b5e2f74af7ed
1250,Moreno Tiene Que Ser,Antoñita Moreno,flamenco,https://i.scdn.co/image/ab67616d00001e0214074cb87fa90818af1d1da9
1251,Caricia,Isabel Do Diego,flamenco,https://i.scdn.co/image/ab67616d00001e02720d3034ea06d2f40057dc82
1252,La jara,El Combo Linga,flamenco,https://i.scdn.co/image/ab67616d00001e027f8c1569d01f1b561c25dce9
1253,Playa del Sol,Robert Michaels,flamenco,https://i.scdn.co/image/ab67616d00001e02a154f2464903e7c100920d5f
1254,Ni media palabra mas (Latinson),El Combo Linga,flamenco,https://i.scdn.co/image/ab67616d00001e02ebe03f0e74ba9edfd1d2d59e
1255,Que las noches sean son (Afromerengue),El Combo Linga,flamenco,https://i.scdn.co/image/ab67616d00001e02f1d903d94042f05a538820cd
1256,Rachel Corrie,LaRumbé,flamenco,https://i.scdn.co/image/ab67616d00001e02f10a0037dadce5e02ca836fa
1257,Ven a mí,Antoñita Moreno,flamenco,https://i.scdn.co/image/ab67616d00001e02b0c52d73e4b4ee6a4e21f24e
1258,Africa,El Combo Linga,flamenco,https://i.scdn.co/image/ab67616d00001e0237309af5b6f7ad0f5fab0723
1259,Dime que sí,Antoñita Moreno,flamenco,https://i.scdn.co/image/e02c7c4ed4069e89170e6ebe517d998296ee0df5
1260,Quédate con Dios - Remastered,Antoñita Moreno,flamenco,https://i.scdn.co/image/ab67616d00001e02d89d3c769eb1c393c4d4c394
1261,Soy un pobre presidiario,Angelillo,flamenco,https://i.scdn.co/image/c5944a2e161159d3883033f16ec7ecc6a2238645
1262,La Mujer de la Foto,Javier Segura,flamenco,https://i.scdn.co/image/ab67616d00001e02c5570a4e1701230abc0038a0
1263,Desobedecerme,Vanesa Martín,flamenco,https://i.scdn.co/image/ab67616d00001e0235a58397ad41fe8287252953
1264,Camino verde - Remastered,Angelillo,flamenco,https://i.scdn.co/image/ab67616d00001e02999d47c8e2bc179b0393f776
1265,"Barquito De Vela, Vela",Angelillo,flamenco,https://i.scdn.co/image/ab67616d00001e02e6714c0d253d43b9bea955c4
1266,El baile de la Macaronna (alegrias),Luis Maravilla,flamenco,https://i.scdn.co/image/ab67616d00001e024c0ab8309c4971b5dee45226
1267,L'aigüeta del riu,Trikitown,flamenco,https://i.scdn.co/image/ab67616d00001e025ded74cdba5ad95623c5391a
1268,Sensations,Jaidek,flamenco,https://i.scdn.co/image/ab67616d00001e02e6be3937ea0b82582255544e
1269,"Corazón, no llores - Remastered",Antoñita Moreno,flamenco,https://i.scdn.co/image/ab67616d00001e020dc62cf91b79293636b7f0df
1270,Brisas Granadinas,Luis Maravilla,flamenco,https://i.scdn.co/image/ab67616d00001e02c771c15e5f2a285e4a3c3136
1271,Signatur,Diego Del Gastor,flamenco,https://i.scdn.co/image/ab67616d00001e02bfc63fb75ae9a9eb9bb49352
1272,Moreno Tiene Que Ser,Antoñita Moreno,flamenco,https://i.scdn.co/image/ab67616d00001e02221517dad4a5c1fbb4628043
1273,Despertar,Castora Herz,flamenco,https://i.scdn.co/image/ab67616d00001e0273ec61a9bf5777ecf214474b
1274,Romance del Chavalillo Torero,Antoñita Moreno,flamenco,https://i.scdn.co/image/ab67616d00001e028235d451103a5aa503570c6b
1275,Ryma,Lenacay,flamenco,https://i.scdn.co/image/ab67616d00001e02a1de75a920311f31bbf31a84
1276,Carretera de Asturias - Remastered,Antoñita Moreno,flamenco,https://i.scdn.co/image/ab67616d00001e0210ab5dad1c11e0e738f7c0ba
1277,Recuerdos de la Alhambra,Luis Maravilla,flamenco,https://i.scdn.co/image/ab67616d00001e024c0ab8309c4971b5dee45226
1278,Dime que sí - Remastered,Antoñita Moreno,flamenco,https://i.scdn.co/image/ab67616d00001e0252efd396f5a8e5255e45e0ba
1279,La Copla No Tiene Amante,Antoñita Moreno,flamenco,https://i.scdn.co/image/ab67616d00001e02530a9262fae3c6fb368ff3b7
1280,Pantalón ensangrentao,LaRumbé,flamenco,https://i.scdn.co/image/ab67616d00001e02f10a0037dadce5e02ca836fa
1281,"La costanza in amor vince l'inganno: ""Sebben, crudele"" (Slower)",Antonio Caldara,opera,https://i.scdn.co/image/ab67616d00001e023517715b4acb84cbce1ff2c1
1282,Toutou,Charles Cuvillier,opera,https://i.scdn.co/image/ab67616d00001e02ef9b41b176cfc589910bc23f
1283,Duo des colporteurs,Jacques Offenbach,opera,https://i.scdn.co/image/ab67616d00001e022f82f92e76c83c667b58d850
1284,"Lucrezia e Callimaco (From ""La mandragola"") - Love Theme",Gino Marinuzzi,opera,https://i.scdn.co/image/ab67616d00001e02ee1a383a94f2c10307e38c86
1285,Isabelle Aboulker: Arabesque,Isabelle Aboulker,opera,https://i.scdn.co/image/ab67616d00001e0222906a2c48e371aad4152082
1286,Violet Hours,Aonia,opera,https://i.scdn.co/image/ab67616d00001e02b31a03d89aac623e05593aba
1287,"Télémaque & Calypso, Act III Scene 6: Non, à vous retenir (Calypso)",Andre Cardinal Destouches,opera,https://i.scdn.co/image/ab67616d00001e02b25e446b637dbb518ccd58df
1288,Lieder Op. 4: Die Liebe als Rezensentin (Julius Storm),Franz Schreker,opera,https://i.scdn.co/image/ab67616d00001e023a6057062c9418ca8a84120a
1289,"Les bayadères, Acte II Scène 8: Olkar, pour nos guerriers",Charles-Simon Catel,opera,https://i.scdn.co/image/ab67616d00001e027935175c35e6069cd14ad6e0
1290,Seventh Day For The Serpent - Bonus Track,Exsecratus,opera,https://i.scdn.co/image/ab67616d00001e02778dc102d9633d201e596353
1291,Have You Ever Missed a Woman_,George London,opera,https://i.scdn.co/image/ab67616d00001e02414aa7f78a0d7cba30efb4f3
1292,El amor y los ojos (Canciones epigramáticas),Victoria de los Ángeles,opera,https://i.scdn.co/image/ab67616d00001e0221b3a98e2fa2553244a78116
1293,Mefistofele - Forma ideal purissima Amore misterio celeste,Arrigo Boito,opera,https://i.scdn.co/image/ab67616d00001e0290212d92c1cfeb560e6cd993
1294,Clavelitos,Victoria de los Ángeles,opera,https://i.scdn.co/image/ab67616d00001e0221b3a98e2fa2553244a78116
1295,Soup of Eight Delicacies: Cannot Tell Dream From Reality,Zhao Baoxiu,opera,https://i.scdn.co/image/ab67616d00001e02aedc6d8509edf74470da330e
1296,Lieder Op. 4: Frühling (Karl Freiherr v. Lemayer),Franz Schreker,opera,https://i.scdn.co/image/ab67616d00001e023a6057062c9418ca8a84120a
1297,"Coups de roulis ""Duo du roulis"": Qu'ai-je donc ? Je suis comme grise (Duo de Béatrice et Kermao) - 1932 Version",André Messager,opera,https://i.scdn.co/image/ab67616d00001e0274bb2c0527f13e394e2bf3da
1298,"Hänsel und Gretel, Act III Scene 5: Vater! Mutter! (Recorded 1954) - Live",Engelbert Humperdinck,opera,https://i.scdn.co/image/ab67616d00001e029366d56cf20a9ffe231f5462
1299,Ray of Hope (Feat. Omri Lahav),Sonja Perenda,opera,https://i.scdn.co/image/ab67616d00001e02843ff5241ae8942023369578
1300,Antes de Rendirme,Dantesco,opera,https://i.scdn.co/image/ab67616d00001e02176d21e06eeb7e20a4b2661e
1301,Cor Jeus Flagrans,Licinio Refice,opera,https://i.scdn.co/image/ab67616d00001e0239eb58afea9fe051e00f3dc0
1302,Heut´ hätt´ i Zeit,Ralph Benatzky,opera,https://i.scdn.co/image/ab67616d00001e02853c30b9a154bc295d0956be
1303,With One Look - Outro,Michael Ball,opera,https://i.scdn.co/image/ab67616d00001e020afe6f9f0fd7af987f83b4cf
1304,把心刻在树上,刘凤屏,opera,https://i.scdn.co/image/ab67616d00001e02a0d9db55be2bd064c9cb3016
1305,"Télémaque & Calypso, Act II Scene 3: Peuples soumis à ma puissance (Calypso)",Andre Cardinal Destouches,opera,https://i.scdn.co/image/ab67616d00001e02b25e446b637dbb518ccd58df
1306,"8 Lieder, Op. 7: No. 7, Rosengruss",Franz Schreker,opera,https://i.scdn.co/image/ab67616d00001e02b8c441e6c08980dad2874897
1307,On ne s'avise jamais de tout: Air (Transcription pour clavecin par Claude-Bénigne Balbastre),Pierre-Alexandre Monsigny,opera,https://i.scdn.co/image/ab67616d00001e02e598923f1699550f44077fa6
1308,Chansons de la Woëvre: IV. Mimi Pinson met sa cocarde,Henry Février,opera,https://i.scdn.co/image/ab67616d00001e029ed1e110fb94ba154f18b072
1309,"Il Martirio di Santa Teodosia, Prima Parte: Troppo severa hà per gl'affetti, ahi lasso (Arsenio)",Alessandro Scarlatti,opera,https://i.scdn.co/image/ab67616d00001e02d84ee3359658dba0e32eb4dc
1310,Frühlingsparade: Oft genügt ein Gläschen Sekt,Robert Stolz,opera,https://i.scdn.co/image/ab67616d00001e029b13f479961612f1b8cc3e86
1311,A. Messager: La Béarnaise - Acte 1: Voici le duc qui fait sa promenade,André Messager,opera,https://i.scdn.co/image/ab67616d00001e024528b6219d37176f4960ceae
1312,"Rapsodia Satanica: Amore, morte? Dimmi il mio destino - Piano Arrangements by Pietro Mascagni",Pietro Mascagni,opera,https://i.scdn.co/image/ab67616d00001e02408097fad7229a146cdd0a2a
1313,Maja de Goya (tonadilla),Victoria de los Ángeles,opera,https://i.scdn.co/image/ab67616d00001e02e27ae43affe578a9b83dc2d1
1314,Chut Chut,Victoria de los Ángeles,opera,https://i.scdn.co/image/ab67616d00001e02f78bedb2e5f68e2e929dbdca
1315,Versetto per Organo No. 2,Ennio Cominetti,opera,https://i.scdn.co/image/ab67616d00001e020dd52f149f209d9423a4588e
1316,Capriccio,Pasquale Anfossi,opera,https://i.scdn.co/image/ab67616d00001e025181dd753ad9e0092187977b
1317,Just Around the Riverbend,Alfredo Kraus,opera,https://i.scdn.co/image/ab67616d00001e0239c6e0e70030befcc72ab8e2
1318,Sonata per l'Elevazione,Ennio Cominetti,opera,https://i.scdn.co/image/ab67616d00001e026ccf9ef4f54c68ac99f9d6ea
1319,"Graziello e Nella: Recitative - ""Vi che tentazione"" (Nella, Graziello)",Leonardo Vinci,opera,https://i.scdn.co/image/ab67616d00001e02d6ce19359a544845878cda46
1320,"Scarlatti, A: La Santissima Trinità, Pt. 1: No. 19, Recitativo. ""È ver quanto m'esponi"" (Infedeltà)",Alessandro Scarlatti,opera,https://i.scdn.co/image/ab67616d00001e02fd8052f9bacec58a32f14c7a
1321,Jamaican (Bam Bam),HUGEL,world,https://i.scdn.co/image/ab67616d00001e02450a730dd72f3bf49882ae9d
1322,CHANEL,Tyla,world,https://i.scdn.co/image/ab67616d00001e020e96d75af6615eb3011c3e2b
1323,I Adore You (feat. Daecolm),HUGEL,world,https://i.scdn.co/image/ab67616d00001e0205005dc483e9f8a73ccc6d3d
1324,Free Mind,Tems,world,https://i.scdn.co/image/ab67616d00001e020ab4d3e1c0b5c5e453287a4c
1325,Move,Adam Port,world,https://i.scdn.co/image/ab67616d00001e02a959d221820e650bee1ca487
1326,Essence (feat. Tems),Wizkid,world,https://i.scdn.co/image/ab67616d00001e02b5b1023769a6bf19b14d66ab
1327,I Really Want to Stay at Your House,Rosa Walton,world,https://i.scdn.co/image/ab67616d00001e02a91a5b301baac1f46e6f30eb
1328,Calm Down (with Selena Gomez),Rema,world,https://i.scdn.co/image/ab67616d00001e02a3a7f38ea2033aa501afd4cf
1329,Me & U,Tems,world,https://i.scdn.co/image/ab67616d00001e02318f971d63a3a534ee237c9f
1330,Calm Down (with Selena Gomez),Rema,world,https://i.scdn.co/image/ab67616d00001e02963265801aa5c9740ad159b7
1331,"Aoi, Koi, Daidaiiro No Hi",MASS OF THE FERMENTING DREGS,world,https://i.scdn.co/image/ab67616d00001e025f2ca3e8b93fd5bc304480f5
1332,Fire Fire,Shimza,world,https://i.scdn.co/image/ab67616d00001e0298f9abc76dbf79360cf18533
1333,Show Me Love,WizTheMc,world,https://i.scdn.co/image/ab67616d00001e02f67307349b14986af73d4fa0
1334,Show Me Love,WizTheMc,world,https://i.scdn.co/image/ab67616d00001e0212a333a62cf1a898ce04218a
1335,Show Me Love (with Tyla),WizTheMc,world,https://i.scdn.co/image/ab67616d00001e020f0047bf025ef4edab5bf6c6
1336,PUSH 2 START,Tyla,world,https://i.scdn.co/image/ab67616d00001e02f6ed33df3c9e2fdb77f08170
1337,Mayonaka no Door~stay with me,Miki Matsubara,world,https://i.scdn.co/image/ab67616d00001e02f8c3df40fb06eb459e1d0a08
1338,No Bad Vibes,Jazzy,world,https://i.scdn.co/image/ab67616d00001e02c195aebc0781b8aa9969398f
1339,Truth or Dare,Tyla,world,https://i.scdn.co/image/ab67616d00001e023b4e7b8d3e6d063692406021
1340,LET ME BE,The Second Voice,world,https://i.scdn.co/image/ab67616d00001e02a7f35412a7d98bc08b2289fc
1341,mosi mosi?,楽音,world,https://i.scdn.co/image/ab67616d00001e026252a4d5ae17497ecbcd2c04
1342,Bling-Bang-Bang-Born,Creepy Nuts,world,https://i.scdn.co/image/ab67616d00001e02c0d48f302d8baffa763cc9cb
1343,AWGAZI,Palm Monkey,world,https://i.scdn.co/image/ab67616d00001e029b54d562b56df90f6c409fad
1344,Shinunoga E-Wa,Fujii Kaze,world,https://i.scdn.co/image/ab67616d00001e0222805a1b17e41ae357bd98bc
1345,オトノケ - Otonoke,Creepy Nuts,world,https://i.scdn.co/image/ab67616d00001e021596b18678ae04bd27f85f41
1346,KICK BACK,Kenshi Yonezu,world,https://i.scdn.co/image/ab67616d00001e02173fe2bb0d2a222613d80d86
1347,love nwantiti (ah ah ah),CKay,world,https://i.scdn.co/image/ab67616d00001e02405fdad252857e01dbced96a
1348,Kaikai Kitan,Eve,world,https://i.scdn.co/image/ab67616d00001e024b54d2a72484832db80a0fe9
1349,Love Me JeJe,Tems,world,https://i.scdn.co/image/ab67616d00001e02318f971d63a3a534ee237c9f
1350,Burning,Tems,world,https://i.scdn.co/image/ab67616d00001e02318f971d63a3a534ee237c9f
1351,SLICK,Victony,world,https://i.scdn.co/image/ab67616d00001e02b1356b443072b4f8615af24d
1352,NIGHT DANCER,imase,world,https://i.scdn.co/image/ab67616d00001e02e2a3788f1a9dea9028099d4e
1353,青のすみか,Tatsuya Kitani,world,https://i.scdn.co/image/ab67616d00001e0287d3383ad8d19ab88aa83a4a
1354,People,Libianca,world,https://i.scdn.co/image/ab67616d00001e02fc342f95f117d48dbdde9735
1355,Yamore,MoBlack,world,https://i.scdn.co/image/ab67616d00001e0260bca33ff77071ab1b3effce
1356,unravel,TK from Ling tosite sigure,world,https://i.scdn.co/image/ab67616d00001e02b11c3ab5cb818192b7a61fdd
1357,"Soweto (with Don Toliver, Rema & Tempoe)",Victony,world,https://i.scdn.co/image/ab67616d00001e0203188f1c8d0c310d12ac4140
1358,NIGHT DANCER,imase,world,https://i.scdn.co/image/ab67616d00001e024b062591b6a5c15652dd2bb5
1359,Take My Mind,WizTheMc,world,https://i.scdn.co/image/ab67616d00001e0212a333a62cf1a898ce04218a
1360,Mi Chico,DJ Goja,world,https://i.scdn.co/image/ab67616d00001e024467c7b0d6a9bc108f20c146
1361,A&E (Maps Instrumental Mix),Goldfrapp,trip-hop,https://i.scdn.co/image/ab67616d00001e029d6f6efc879dec93ea6b3801
1362,Metrorail Thru Space,Cut Chemist,trip-hop,https://i.scdn.co/image/ab67616d00001e02a3c7854ffff2b06bf49e01d6
1363,Boom Sumting - Acappella,DJ Vadim,trip-hop,https://i.scdn.co/image/ab67616d00001e02e7ee70213cb8f032b2cce1a8
1364,"The Hope Suite, Pt. 1",Nostalgia 77,trip-hop,https://i.scdn.co/image/ab67616d00001e02645cddbeae1215a262b1762d
1365,Cherry,Nostalgia 77,trip-hop,https://i.scdn.co/image/ab67616d00001e02951466bcb64215e3cbc98693
1366,What's the Altitude - She Wants Revenge Remix,Cut Chemist,trip-hop,https://i.scdn.co/image/ab67616d00001e02b2fbfbf2b3975536ff71176d
1367,What's the Altitude - She Wants Revenge Remix,Cut Chemist,trip-hop,https://i.scdn.co/image/ab67616d00001e020b0a2fc3930d31587ec039e3
1368,"The Hope Suite, Pt. 1",Nostalgia 77,trip-hop,https://i.scdn.co/image/ab67616d00001e029d42ed52120c18fa0b8f7db2
1369,Changes - Mixed,Nostalgia 77,trip-hop,https://i.scdn.co/image/ab67616d00001e02f4154d329f6ba09e51dd7dab
1370,Don't Run,Nostalgia 77,trip-hop,https://i.scdn.co/image/ab67616d00001e024db19c4cd725735801343fe3
1371,"Freedom - The Freedom Zombie Dance Remix, Pt. 1",Nostalgia 77,trip-hop,https://i.scdn.co/image/ab67616d00001e02898bf82a3fc8d59d815f57ca
1372,Morning Desire,Asa,trip-hop,https://i.scdn.co/image/ab67616d00001e029777c014decfe5ac092e5765
1373,Вечеринка (Live),САММЕР КОМА,emo,https://i.scdn.co/image/ab67616d00001e02694f1a76d3ba50e5ab5cd418
1374,Play Them Blues,Garrison,emo,https://i.scdn.co/image/ab67616d00001e023fe7ece07855bb6051a661ec
1375,A friend visits,Dan Stark,emo,https://i.scdn.co/image/ab67616d00001e021fcb043b7bb6cd65a0048eec
1376,Nox,Jetty Bones,emo,https://i.scdn.co/image/ab67616d00001e0278bb76c401371bad7b56fbee
1377,The Entire Plot of Ed Edd n Eddy Summarized Into One Sentence,Kevin & the Bikes,emo,https://i.scdn.co/image/ab67616d00001e02ad1f06638addc48cc45f5a90
1378,My Last Song,Garrison,emo,https://i.scdn.co/image/ab67616d00001e023fe7ece07855bb6051a661ec
1379,ПРАВДА (ИНТРО),САММЕР КОМА,emo,https://i.scdn.co/image/ab67616d00001e02a642d3baa7dd3ad631386e72
1380,не забыть,элефант,emo,https://i.scdn.co/image/ab67616d00001e02aeccdbe434be4c67ea304bbf
1381,The treadmill,Dan Stark,emo,https://i.scdn.co/image/ab67616d00001e021fcb043b7bb6cd65a0048eec
1382,Incomum - Ao Vivo,Superbrava,emo,https://i.scdn.co/image/ab67616d00001e026211c5dab5af1c3d2867c502
1383,At Least We Had the War,Blueline Medic,emo,https://i.scdn.co/image/ab67616d00001e0242b5d0cba52f55b4ae0b062d
1384,This Is Definitely Our Song - Live,Noise Plant,emo,https://i.scdn.co/image/ab67616d00001e02b1c64e4da0dda4006fc2c958
1385,Here I Stand - Acoustic,Madina Lake,emo,https://i.scdn.co/image/ab67616d00001e0246f2317f0f1adce7be709140
1386,Uncle Bob,Dan Stark,emo,https://i.scdn.co/image/ab67616d00001e021fcb043b7bb6cd65a0048eec
1387,Frantumi,LENIN!,emo,https://i.scdn.co/image/ab67616d00001e02216bcc3cc01ada334c525b4d
1388,My Baby Love Me,Garrison,emo,https://i.scdn.co/image/ab67616d00001e0213356009313e3e9f1b288e53
1389,Mother's Revenge,Garrison,emo,https://i.scdn.co/image/ab67616d00001e023fe7ece07855bb6051a661ec
1390,Pocket Call,Nine Days Wonder,emo,https://i.scdn.co/image/ab67616d00001e02bb2b3b181f180841384b5043
1391,Corrente Avessa,Ruido de Maquina,emo,https://i.scdn.co/image/ab67616d00001e029cdf3c8d0a2b927d01ac1bfc
1392,Senza Dio,Malkomforto,emo,https://i.scdn.co/image/ab67616d00001e024679483e8adf636e74a92fc1
1393,Dogs - Audiotree Live Version,Sinai Vessel,emo,https://i.scdn.co/image/ab67616d00001e02b31693447f9377e55cd055e6
1394,Cradle,Samiam,emo,https://i.scdn.co/image/ab67616d00001e02b4d9f172043af41a9f9150ca
1395,You'll Never Know - Acoustic Version,VersaEmerge,emo,https://i.scdn.co/image/ab67616d00001e02e768c325eb0c311af558ca2f
1396,Black Oil (feat. Jaki Song),Orchid,emo,https://i.scdn.co/image/ab67616d00001e029192e7c269a6fee0da61a12f
1397,Girl with a Bass,Stink Palm,emo,https://i.scdn.co/image/ab67616d00001e02d0c6427c7e369800919ce83b
1398,Hearse,Pink Pots,emo,https://i.scdn.co/image/ab67616d00001e02be37b160658a9745e37d70a3
1399,Безумие (Live),САММЕР КОМА,emo,https://i.scdn.co/image/ab67616d00001e02694f1a76d3ba50e5ab5cd418
1400,Drive Them Blues,Garrison,emo,https://i.scdn.co/image/ab67616d00001e0213356009313e3e9f1b288e53
1401,РЯДОМ С ТОБОЙ,САММЕР КОМА,emo,https://i.scdn.co/image/ab67616d00001e02ab24aa8a42d423faa46f46fb
1402,Цикады (Unplugged),Property of Mongolia,emo,https://i.scdn.co/image/ab67616d00001e02e33d0ba51897c35f9f8ae326
1403,奇迹,燃点乐团,emo,https://i.scdn.co/image/ab67616d00001e029d9e82b882cc661e63c951cd
1404,Ты всё же помнишь (4) !,.and sex in the mini country.,emo,https://i.scdn.co/image/ab67616d00001e02a6ebc64bab86d3d3c8bca671
1405,A largo,Chambers,emo,https://i.scdn.co/image/ab67616d00001e022caffe9c6f0ee0d3aa6832ee
1406,На берегу,Radio Cambodia,emo,https://i.scdn.co/image/ab67616d00001e02d1b25c615e662ba55636e778
1407,Дети красоты (Instrumental),Multipass,emo,https://i.scdn.co/image/ab67616d00001e0231cd7a54d4a14186600aa12f
1408,"Do It! (Raise Your Head 7""ep 1994)",Personal Choice,emo,https://i.scdn.co/image/ab67616d00001e02f06f7e9744a55bb9b3348646
1409,Last Flight to Sydney,Xans,emo,https://i.scdn.co/image/ab67616d00001e02afce4be95aea61563084015e
1410,Raiva do Mundo,Amandinho,emo,https://i.scdn.co/image/ab67616d00001e02c26ec906e9d0d4a9e0c6643c
1411,Gathering of Memories,Never Too Late,emo,https://i.scdn.co/image/ab67616d00001e02add81c7fe3a55e4c2260686f
1412,Timing,Il Sistema di Mel,emo,https://i.scdn.co/image/ab67616d00001e0244efe8f8c26dc25a294c30dc
1413,My Treasure,Costa Azul Quartet,bossa nova,https://i.scdn.co/image/ab67616d00001e02e6903496a0d816f2f2483713
1414,Love Madly,Goergeana Bonow,bossa nova,https://i.scdn.co/image/ab67616d00001e02bc979d275143e31d14cb8ba6
1415,The Candlelight,Costa Azul Quartet,bossa nova,https://i.scdn.co/image/ab67616d00001e0223ae8f4b837f11ceb9f908dd
1416,No One Else If Not You,Rachelle Spring,bossa nova,https://i.scdn.co/image/ab67616d00001e02c81ea96df14451d4126b701a
1417,Piano Against the Wall of the Studio,Leny Andrade,bossa nova,https://i.scdn.co/image/ab67616d00001e02537cbc7cf155a590d08e9d30
1418,É Sempre Amor,Doris Monteiro,bossa nova,https://i.scdn.co/image/ab67616d00001e02f5eac98e0a0aae1fa47a8be8
1419,Have Some Coffee,Goergeana Bonow,bossa nova,https://i.scdn.co/image/ab67616d00001e02008322f404a86e048a9af1df
1420,A Drop Of Pleasure,Costa Azul Quartet,bossa nova,https://i.scdn.co/image/ab67616d00001e0223ae8f4b837f11ceb9f908dd
1421,Pra Lá de Badalação,Di Melo,bossa nova,https://i.scdn.co/image/ab67616d00001e02313757dcb03af5ca9a985e17
1422,Con Alma,Leny Andrade,bossa nova,https://i.scdn.co/image/ab67616d00001e02537cbc7cf155a590d08e9d30
1423,Fabulous,Rachelle Spring,bossa nova,https://i.scdn.co/image/ab67616d00001e02c637cb01a365bfc8fa429005
1424,Full Of Stars,Goergeana Bonow,bossa nova,https://i.scdn.co/image/ab67616d00001e02b96cd71b86f73a9b719049ce
1425,We Choose To Be,Goergeana Bonow,bossa nova,https://i.scdn.co/image/ab67616d00001e02639d5278022f101ced3b8571
1426,Other Woman,Goergeana Bonow,bossa nova,https://i.scdn.co/image/ab67616d00001e02d82993434d89fb232dd78d82
1427,Soulmate,Costa Azul Quartet,bossa nova,https://i.scdn.co/image/ab67616d00001e02e6903496a0d816f2f2483713
1428,Atraente,Altamiro Carrilho,bossa nova,https://i.scdn.co/image/ab67616d00001e02cb1d194c746a3f6366f8cbbd
1429,Reverso,Elizeth Cardoso,bossa nova,https://i.scdn.co/image/ab67616d00001e029050b44b7aa605392dd6fcc7
1430,Forbidden Kisses,Marcelo Rezende,bossa nova,https://i.scdn.co/image/ab67616d00001e02008984ba6afce16ec971fa70
1431,Pedacinho do Céu,Irio De Paula,bossa nova,https://i.scdn.co/image/ab67616d00001e02b409ee9d051831322942ea2a
1432,O sandalo,Tom Zé,bossa nova,https://i.scdn.co/image/ab67616d00001e025bc4231f7bc4d9313c807689
1433,She Has Me In Love,Goergeana Bonow,bossa nova,https://i.scdn.co/image/ab67616d00001e02d82993434d89fb232dd78d82
1434,Celebration Day - Jazz,Costa Azul Quartet,bossa nova,https://i.scdn.co/image/ab67616d00001e02e3aa431bd1090abe22f37d88
1435,Full Of Happiness,Goergeana Bonow,bossa nova,https://i.scdn.co/image/ab67616d00001e02b96cd71b86f73a9b719049ce
1436,Riders on the Storm,Urban Love,bossa nova,https://i.scdn.co/image/ab67616d00001e02904fbe1c57131642c6b585e1
1437,"Tres Pontos De Santo, Jayme Ovalle, Op. 10, N° 2: III. Estrella Do Mar",Evelyne Bohen,bossa nova,https://i.scdn.co/image/ab67616d00001e022b19eab6c5a9eccd1e1a4186
1438,This Is Your Moment,Marcelo Rezende,bossa nova,https://i.scdn.co/image/ab67616d00001e02918b9e1ec86745d3db0d9712
1439,Believe In Yourself And You Will Be Unstoppable,Marcelo Rezende,bossa nova,https://i.scdn.co/image/ab67616d00001e02e0257951505eae20e6449dcb
1440,Tantra,Luiz Macedo,bossa nova,https://i.scdn.co/image/ab67616d00001e0274a99bb9b7fe651ee9422893
1441,O abacaxi de irara,Tom Zé,bossa nova,https://i.scdn.co/image/ab67616d00001e023603800af25add0e63104f22
1442,Assanhado,A Cor Do Som,bossa nova,https://i.scdn.co/image/ab67616d00001e02d3b1aa91ed7eabe09a32b7c1
1443,Atrás de um Rio,Ana Cristina Cash,bossa nova,https://i.scdn.co/image/ab67616d00001e029657ad74067c59244a88f46c
1444,Tristeza eterna,Altamiro Carrilho,bossa nova,https://i.scdn.co/image/ab67616d00001e02ba2f6b15fb70581ce7ec62b3
1445,A Heart Is Given,Goergeana Bonow,bossa nova,https://i.scdn.co/image/ab67616d00001e029582629ac80c8ce0ea87a8cc
1446,O Amor Está No Ar,Wilson Simonal,bossa nova,https://i.scdn.co/image/ab67616d00001e02edab53ae4ca6fb3fbfd4033c
1447,Canção da volta,Elizeth Cardoso,bossa nova,https://i.scdn.co/image/ab67616d00001e02636557456ebf8a6b67f819ce
1448,I Need Your Tenderness - Jazz,Costa Azul Quartet,bossa nova,https://i.scdn.co/image/ab67616d00001e0233ffe706becd00aff1e770bb
1449,Dragoste Curata,Tamy,bossa nova,https://i.scdn.co/image/ab67616d00001e02c2aa6791e23c3fd03dc17f7a
1450,Inspiração,Altamiro Carrilho,bossa nova,https://i.scdn.co/image/ab67616d00001e026edbfb97a290ed3b51126a19
1451,Amazônia,Pepeu Gomes,bossa nova,https://i.scdn.co/image/ab67616d00001e02f6255a78852069ebb304294a
1452,Dodó e Zezé,Tom Zé,bossa nova,https://i.scdn.co/image/ab67616d00001e02be9ea1b5837245b7e588154d
